ID,Area,User Story,Expected Behavior (as implemented),Status,Defects,Defect Type,Evidence,Source References,Open Questions / Notes
AUTH-ROUTE-01,Auth & Admin,As a staff user I want to log in with email+password so I can reach the internal app,Login.tsx form calls useAuth.signIn -> supabase.auth.signInWithPassword on the internal client; useAuth loads the user_profiles row and exposes profile/capabilities; a missing or inactive profile keeps the user out of protected routes; on success Login.tsx navigates to /painel itself (an already-authenticated visitor is redirected by a Navigate guard); errors shown inline.,Verified (static),-,-,Static,src/pages/Login.tsx; src/hooks/useAuth.tsx; src/services/supabase.ts,Verified by code read — SQL/trigger/cron/edge or live-DB RLS surface with no executable assertion in this environment (static is the strongest method available).
AUTH-ROUTE-02,Auth & Admin,As an admin I want /admin/usuarios to manage staff roles and activation so access stays controlled,"Route mounted under ProtectedRoute adminOnly; AdminUsuarios.tsx lists user_profiles, toggles role/active via src/services/adminUsers.ts, and shows audit-log and metrics tabs with dedicated loading/error states; mutations invalidate users/audit/metrics queries.",Verified,-,-,Vitest: AdminUsuarios.behavior.test.tsx; adminObservability.test.ts,src/App.tsx; src/pages/AdminUsuarios.tsx; src/services/adminUsers.ts,-
AUTH-ACT-01,Auth & Admin,As an admin I want role/active changes to be audited so admin actions are traceable,adminUsers.ts updates user_profiles and writes audit_logs rows with changed_by=auth.uid(); observability queries aggregate audit logs and login metrics for the admin screen.,Verified,-,-,Vitest: adminObservability.test.ts,src/services/adminUsers.ts,-
AUTH-ACC-01,Auth & Admin,As the platform I want two isolated browser sessions so staff and portal logins never collide,src/services/supabase.ts creates two clients: supabase (staff) and supabasePortal with its own storageKey ('td-portal-auth') and detectSessionInUrl:false; the sessions coexist and logging out of one does not drop the other.,Verified (static),-,-,Static,src/services/supabase.ts; src/services/supabaseAuth.ts,supabaseAuth.test.ts only exercises signOut; the storageKey/detectSessionInUrl isolation is verified statically.
AUTH-ACC-02,Auth & Admin,As the platform I want route guards to shape navigation while RLS/RPC enforce authorization,"ProtectedRoute (staff), ProtectedRoute adminOnly (admin screens) and PortalProtectedRoute (portal) gate navigation in src/App.tsx; per ADR 0004 these are UX barriers only — authorization is enforced by RLS policies, grants and RPC guards in Postgres.",Verified,-,-,Vitest: AppLayout.test.ts; lazyPage.test.ts,src/App.tsx; docs/adr/0004,-
AUTH-ACC-03,Auth & Admin,As the platform I want user_profiles protected so users cannot alter their own privileges,RLS (010_rls_by_role.sql + later fixes): self/admin SELECT; a user updates only their own row and only while active; INSERT/DELETE admin-only. Helpers is_active_user()/is_admin()/current_user_role() underpin all role-based policies.,Verified (static),-,-,Static,supabase/migrations/010_rls_by_role.sql; supabase/migrations/077_fix_user_profile_privilege_escalation.sql,Verified by code read — SQL/trigger/cron/edge or live-DB RLS surface with no executable assertion in this environment (static is the strongest method available).
AUTH-TRG-01,Auth & Admin,As the platform I want a trigger to block privilege self-escalation even through direct table writes,prevent_user_profile_privilege_escalation() BEFORE UPDATE on user_profiles rejects a user changing their own role or active flag; service_role remains allowed for provisioning.,Verified (static),-,-,Static,supabase/migrations/077_fix_user_profile_privilege_escalation.sql,Verified by code read — SQL/trigger/cron/edge or live-DB RLS surface with no executable assertion in this environment (static is the strongest method available).
AUTH-ACC-04,Auth & Admin,As the platform I want anon default-deny on SECURITY DEFINER functions with a single documented exception,ADR 0011 default-deny: migrations revoke EXECUTE from PUBLIC/anon on all public SECURITY DEFINER functions; 150_revoke_anon_portal_read_rpcs.sql removes the anon grants that six portal read RPCs had regained; 152_revoke_anon_definer_drift.sql re-runs the comprehensive revoke carving out only portal_resolve_login(text) (ADR 0013); 151_guard_definer_rpcs_active_user.sql adds is_active_user() guards to definer readers that lacked them.,Verified,-,-,SQL-contract: revokeAnonDefinerDriftMigration.test.ts; definerActiveUserGuardMigration.test.ts,supabase/migrations/150_revoke_anon_portal_read_rpcs.sql; supabase/migrations/151_guard_definer_rpcs_active_user.sql; supabase/migrations/152_revoke_anon_definer_drift.sql,-
OPS-ROUTE-01,Operação & Suporte,As an operator I want /painel to show KPIs and the Line-Up snapshot so I see the operation at a glance,Painel.tsx queries bls/containers/voyages/invoices and composes KPI cards plus the Line-Up snapshot from src/services/lineup.ts; caches ['dashboard'] and ['lineup-tv-v3']; distinct-container counting is done client-side by the containerCounts helper.,Verified,-,-,Vitest: Painel.behavior.test.tsx; containerCounts.test.ts; lineupSort.test.ts,src/pages/Painel.tsx; src/services/lineup.ts; src/lib/containerCounts.ts,count_distinct_containers RPC (045) exists in DB/types but no frontend caller was found — confirm whether it is intentionally orphaned.
OPS-ROUTE-02,Operação & Suporte,"As an operator I want /alertas to filter, acknowledge and close internal alerts","Alertas.tsx via useOperationalAlerts/src/services/alerts.ts reads the alerts table, transitions status (open -> acknowledged -> closed) and invalidates alerts, op-count and dashboard caches.",Verified,-,-,Vitest: Alertas.behavior.test.tsx; alertsTransitions.test.ts,src/pages/Alertas.tsx; src/services/alerts.ts; src/hooks/useOperationalAlerts.ts,-
OPS-ROUTE-03,Operação & Suporte,As an operator I want /relatorios to query and export XLSX reports,"Relatorios.tsx composes operational/financial/per-customer/demurrage tabs reading B/Ls, invoices, customers and demurrage via src/services/reports.ts; exports generate local XLSX files via src/services/exports.ts (lazy @e965/xlsx import).",Verified,-,-,Vitest: Relatorios.behavior.test.tsx; reports.test.ts; exports.test.ts,src/pages/Relatorios.tsx; src/services/reports.ts; src/services/exports.ts,-
OPS-ROUTE-05,Operação & Suporte,As an operator I want /line-up-tv/display to show a rotating fullscreen Line-Up for the TV,"LineUpTVDisplay.tsx renders outside AppLayout, loads fetchLineUpSnapshot into cache ['lineup-tv-display-v2'], rotates pages on a timer and offers fullscreen; it sits inside the authenticated route group.",Verified,-,-,Vitest: LineUpTVDisplay.cycleStart.test.ts,src/App.tsx; src/pages/LineUpTVDisplay.tsx; src/services/lineup.ts,-
OPS-ROUTE-06,Operação & Suporte,As a user I want unknown routes to land on /painel,The catch-all route in src/App.tsx renders Navigate to /painel with replace; the destination then applies the normal auth guards.,Verified (static),-,-,Static,src/App.tsx,Verified by code read — SQL/trigger/cron/edge or live-DB RLS surface with no executable assertion in this environment (static is the strongest method available).
OPS-RPC-01,Operação & Suporte,As the platform I keep count_distinct_containers available as a dashboard aggregate,"count_distinct_containers() -> bigint (045_count_distinct_containers_fn.sql), STABLE SECURITY INVOKER, PUBLIC revoked, authenticated granted; read-only aggregate. No frontend caller exists in src today.",Verified (static),-,-,Static,supabase/migrations/045_count_distinct_containers_fn.sql; src/types/database.ts,Orphan RPC: decide whether to re-wire Painel to it or drop it in a future migration.
OPS-ACC-01,Operação & Suporte,As the platform I enforce RLS on alerts,010_rls_by_role.sql: active users read/insert/update alerts; only admin deletes; alert writers include overdue detection and portal dispute flows.,Verified (static),-,-,Static,supabase/migrations/010_rls_by_role.sql; src/services/alerts.ts,Verified by code read — SQL/trigger/cron/edge or live-DB RLS surface with no executable assertion in this environment (static is the strongest method available).
OPS-ACC-02,Operação & Suporte,As the platform I enforce append-oriented RLS on audit_logs,"014_lock_down_financial_reads_and_audit_writes.sql: active users read; INSERT requires active profile and changed_by=auth.uid(); UPDATE/DELETE admin-only. audit_logs feeds B/L timeline, voyage timeline and admin observability.",Verified (static),-,-,Static,supabase/migrations/014_lock_down_financial_reads_and_audit_writes.sql,Verified by code read — SQL/trigger/cron/edge or live-DB RLS surface with no executable assertion in this environment (static is the strongest method available).
OPS-TRG-01,Operação & Suporte,As the platform I clean expired legacy portal sessions daily,"pg_cron job cleanup-portal-sessions (03:00 UTC, 041_rls_missing_tables.sql) deletes legacy portal sessions expired for more than one day.",Verified (static),-,-,Static,supabase/migrations/041_rls_missing_tables.sql,Legacy table only; runtime execution of cron not verifiable from repo.
OPS-TRG-02,Operação & Suporte,As the platform I purge provision-rate-limit logs daily,"pg_cron job cleanup-provision-rate-limit (03:30 UTC, 053_security_hardening.sql) removes provision-portal-user rate-limit rows older than 2 days.",Verified (static),-,-,Static,supabase/migrations/053_security_hardening.sql,Runtime execution of cron not verifiable from repo.
VOY-ROUTE-01,Viagens,"As an operator I want /viagens to search, filter, sort and select voyages","Viagens.tsx loads up to 500 voyages via useVoyages plus B/Ls, batches, granito and vazios stats; VoyageFilters filters by vessel/voyage/carrier/port, period, status and reconciliation state; viagensFilters.ts sorts by next ETA; VoyageRail selection navigates to /viagens/:voyageId; rail collapse persisted in localStorage['viagens:rail-collapsed']; admins see Nova Viagem and edit.",Verified,-,-,Vitest: Viagens.behavior.test.tsx; viagensFilters.test.ts; VoyageRail.behavior.test.tsx; voyageForm.test.ts,src/pages/Viagens.tsx; src/lib/viagensFilters.ts; src/components/voyages/VoyageRail.tsx; src/services/voyages.ts,-
VOY-ROUTE-02,Viagens,As an operator I want /viagens/:voyageId as a deep-linkable master-detail voyage page,"Same Viagens.tsx page renders the detail pane for the URL voyage (ADR 0012): overview/import/export/schedules-manifests tabs, POL/POD planning cards, Mercante fields (Número de Escala, CE Master), timeline and Baplie reconciliation entry points; invalid ids fall back to the empty-selection state.",Verified,-,-,Vitest: Viagens.behavior.test.tsx; VoyageSectionCards.test.tsx; voyageTimeline.behavior.test.ts,src/pages/Viagens.tsx; src/services/voyageSummaries.ts; src/services/voyageTimeline.ts,-
VOY-ACT-01,Viagens,As an operator I want to edit POL/POD schedules with an audited trail,Schedule edits via voyageRouteSchedules.ts write audit_logs entries (POD/POL events); the trg_voyage_schedule_snapshot trigger then updates the voyages JSONB snapshots; mutations invalidate voyage caches and Line-Up.,Verified,-,-,Vitest: VoyageScheduleModals.test.tsx; voyageRouteSchedules.test.ts,src/services/voyageRouteSchedules.ts; src/components/shared/VoyageScheduleModals.tsx,-
VOY-ACT-02,Viagens,As an operator I want to maintain export schedules per voyage,voyageExportSchedules.ts upserts/deletes voyage_export_schedules rows feeding the voyage detail and Line-Up; mutations invalidate voyage/TV caches.,Verified,-,-,SQL-contract: rlsHardeningMigration.test.ts,src/services/voyageExportSchedules.ts,-
VOY-ACT-03,Viagens,As an operator I want a voyage timeline so I can audit voyage-level events,voyageTimeline.ts aggregates audit_logs and baplie_reconciliation_resolutions into a humanized voyage timeline with actor names from user_profiles.,Verified,-,-,Vitest: voyageTimeline.behavior.test.ts,src/services/voyageTimeline.ts,-
VOY-ACT-04,Viagens,As an admin I want voyage deletion blocked while dependencies exist,"voyages.ts pre-checks dependencies (B/Ls, manifests, granito, vazios, vehicles) before allowing delete; RLS keeps DELETE admin-only; audited via audit_logs.",Verified,-,-,Vitest: voyageMutations.test.ts,src/services/voyages.ts,-
VOY-ACT-05,Viagens,As an operator I want predictive voyage selection everywhere a voyage is pointed at,"VoyageCombobox (ADR 0018) provides typeahead over vessel/voyage via useVoyageOptions: 'required' mode for imports (mandatory single voyage, no empty option) and 'clearable' mode for list filters (empty = all voyages); context screens pre-seed via initialValue but remain editable.",Verified,-,-,Vitest: VoyageCombobox.test.tsx,src/components/shared/VoyageCombobox.tsx; src/components/ui/Combobox.tsx,-
VOY-RPC-01,Viagens,As an operator I call set_import_batch_ce_master to set the CE Master atomically,set_import_batch_ce_master (145_set_import_batch_ce_master_atomic.sql) updates import_batches.ce_master and audit atomically; caller in voyages.ts invalidates voyage/manifest caches.,Verified,-,-,Vitest: manifestCeMasterAtomic.test.ts,src/services/voyages.ts; supabase/migrations/145_set_import_batch_ce_master_atomic.sql,-
VOY-TRG-01,Viagens,As the platform I snapshot voyage schedules from audit events,trg_voyage_schedule_snapshot AFTER INSERT on audit_logs (POD/POL events) updates voyages JSONB snapshot; 052 fixed JSON null handling so a null new_value does not violate NOT NULL.,Verified (static),-,-,Static,supabase/migrations/046_voyage_schedule_snapshot_trigger.sql; supabase/migrations/052_fix_voyage_snapshot_null_new_value.sql,Verified by code read — SQL/trigger/cron/edge or live-DB RLS surface with no executable assertion in this environment (static is the strongest method available).
VOY-ACC-01,Viagens,As the platform I enforce RLS on voyages/vessels/carriers/voyage_export_schedules,Final state of 010 (+ rls hardening for export schedules): active users read/insert/update; only admin deletes; voyage POD/POL snapshots maintained by trigger.,Verified,-,-,SQL-contract: rlsHardeningMigration.test.ts,supabase/migrations/010_rls_by_role.sql; supabase/migrations/091_harden_remaining_permissive_rls.sql,-
VOY-ROUTE-03,Chegadas-Saídas,As an operator I want /chegadas-saidas to manage the vessel schedule shown in the Portal,"ChegadasSaidas.tsx no longer reads/writes vessel_schedules directly: it manages voyages/portal_ship_schedule via portalScheduleVoyages.ts, portalScheduleBulkImport.ts and voyageFromSchedule.ts, gated by voyages.show_on_portal (setVoyageShowOnPortal). The vessel_schedules/ended_vessels tables and their CRUD services (vesselScheduleAdmin.ts, vesselScheduleImport.ts) remain in the schema/repo but have no current caller from this page; migration 257 closed their USING (true) SELECT policies and removed the dead Portal-session read path (vesselSchedules.ts, useVesselSchedules.ts).",Verified,-,-,Vitest: ChegadasSaidas.behavior.test.tsx,src/pages/ChegadasSaidas.tsx; src/services/portalScheduleVoyages.ts; src/services/portalScheduleBulkImport.ts; src/services/voyageFromSchedule.ts,"Legado sem caller atual: vesselScheduleAdmin.ts, vesselScheduleImport.ts (ver docs/RASTREABILIDADE.md)"
VOY-RPC-02,Chegadas-Saídas,As an operator I call reorder_vessel_schedules to persist display order atomically,reorder_vessel_schedules (135_atomic_vessel_schedule_operations.sql) persists a new display order in one call; requires active user; caller invalidates schedule caches.,Verified,-,-,Vitest: vesselScheduleAdmin.test.ts,src/services/vesselScheduleAdmin.ts; supabase/migrations/135_atomic_vessel_schedule_operations.sql,Legado sem caller atual (nenhuma page importa vesselScheduleAdmin.ts)
VOY-RPC-03,Chegadas-Saídas,As an operator I call archive_vessel_schedule to end a vessel with a snapshot,archive_vessel_schedule (135) snapshots the line into ended_vessels and removes it from vessel_schedules atomically; requires active user.,Verified,-,-,Vitest: vesselScheduleAdmin.test.ts,src/services/vesselScheduleAdmin.ts; supabase/migrations/135_atomic_vessel_schedule_operations.sql,Legado sem caller atual (nenhuma page importa vesselScheduleAdmin.ts)
VOY-ACC-02,Chegadas-Saídas,As the platform I restrict vessel_schedules/ended_vessels reads to active internal users,124_vessel_schedules.sql (+ 139 grants) originally allowed SELECT for any authenticated session (portal-compatible by design) on both tables. The 2026-08-05 security audit found this was the only USING (true) SELECT policy pair in the schema and let the Portal customer session (same authenticated role) bypass the voyages.show_on_portal gate. Migration 257 replaced both SELECT policies with USING (is_active_read_user()). INSERT/UPDATE still require active internal user; DELETE admin; ended_vessels has no UPDATE policy.,Verified (static),-,-,SQL-contract: portalAuthenticatedBoundaryMigration.test.ts,supabase/migrations/124_vessel_schedules.sql; supabase/migrations/139_grant_vessel_schedule_privileges.sql; supabase/migrations/257_portal_authenticated_boundary_hardening.sql,ended_vessels has no UPDATE policy — confirm updates are never needed (archival snapshot is immutable by design). See docs/archive/audits/security-audit-portal-2026-08-05.md.
MAN-ROUTE-01,Manifestos & EDI,As an operator I want /manifestos to list container B/Ls and run the import modals,"Manifestos.tsx lists CNTR B/Ls with pagination, bulk selection, summary cards and filters (text, voyage, POL, POD, review, financial, charges, cargo profile); rows link to /manifestos/:blId; hosts the CNTR manifest modal, the CE Mercante modal and the Importar B/L modal; admin-only bulk delete after fiscal pre-check.",Verified,-,-,Vitest: Manifestos.behavior.test.tsx,src/pages/Manifestos.tsx,-
MAN-RPC-01,Manifestos & EDI,As an operator I import a CNTR manifest transactionally with post-processing,"import_manifest_with_postprocess_transactional (final def in 129_review_gate_hardening.sql; billing step decoupled by 149_remove_billing_from_import_function.sql) imports batch/B/Ls/containers, POL/POD schedules, contacts and the canonical review gate in one transaction; the core import_manifest_transactional rejects duplicate (voyage_id, cargo_mode, file_hash) with 23505 and rate-limits with P0429 (frontend retries once after waiting); SHA-256 computed client-side in manifestImport.ts.",Verified,-,-,Vitest: blParser.test.ts; SQL-contract: manifestImportBillingReasonMigration.test.ts; manifestCeMasterAtomic.test.ts; manifestOverwriteOptInMigration.test.ts,src/services/manifestImport.ts; src/services/blParser.ts; supabase/migrations/129_review_gate_hardening.sql; supabase/migrations/149_remove_billing_from_import_function.sql,-
MAN-RPC-02,Manifestos & EDI,As an operator I import a B/L file to create or correct a B/L (co-primary source),"import_bl_freight_transactional(jsonb, uuid) -> jsonb (162_bl_freight_lines.sql; SECURITY DEFINER; active user; p_changed_by=auth.uid(); PUBLIC/anon revoked): upserts commercial fields, bl_emission_date and bl_freight_lines; preserves omitted fields; audits every change; writes no billing data; blocks physical changes (weight/containers) when charge_calculations or invoice_bls exist unless the operator override flags are set.",Verified,-,-,Vitest: blFreightImport.test.ts; SQL-contract: blFreightLinesMigration.test.ts,src/services/blFreightImport.ts; supabase/migrations/162_bl_freight_lines.sql,-
MAN-ACT-01,Manifestos & EDI,As an operator I want the Importar B/L flow to validate the declared voyage and gate billing-impact changes,"BlImportModal + blParser.ts: operator must declare vessel+voyage via VoyageCombobox (required mode); the parser reads vessel/voyage from the file (A18) and blocks any row diverging from the declared voyage; POL/POD/destination normalized to UN/LOCODE; consignee document/name links the customer; billing-impact changes (container count, shared container, IMO/OOG, breakbulk weight, billed CNPJ) are shown in the preview and applied only with explicit override (audited FATURAMENTO_SOBRESCRITO), otherwise logged as ALTERACAO_OPERACIONAL_BLOQUEADA while other fields still apply (ADR 0017).",Verified,-,-,Vitest: blParser.test.ts; BlImportModal.test.tsx; blFreightImport.test.ts,src/components/shared/BlImportModal.tsx; src/services/blParser.ts; src/services/blFreightImport.ts; docs/adr/0017,-
MAN-RPC-03,Manifestos & EDI,As an operator I update one B/L's CE Mercante with audit,"apply_ce_mercante_update(text,text,uuid) -> text (012_transactional_rpcs.sql; SECURITY INVOKER; caller RLS): updates bls.ce_mercante and audits; returns 'unchanged' when the value is identical.",Verified,-,-,Vitest: ceMercanteImport.test.ts; Integration (not run): supabase.integration.test.ts,src/services/ceMercanteImport.ts; supabase/migrations/012_transactional_rpcs.sql,-
MAN-RPC-04,Manifestos & EDI,As an operator I batch-update CE Mercante from a manifest EDI,"apply_ce_mercante_manifest(jsonb,uuid) -> jsonb (087_apply_ce_mercante_manifest.sql; SECURITY INVOKER): batch-updates bls.ce_mercante with audit; caller invalidates B/L list and detail; single-manifest EDI enforced by parser.",Verified,-,-,Vitest: ceMercanteEdiParser.test.ts; ceMercanteImport.test.ts,src/services/ceMercanteImport.ts; src/services/ceMercanteEdiParser.ts; supabase/migrations/087_apply_ce_mercante_manifest.sql,-
MAN-ROUTE-02,Manifestos & EDI,As an operator I want /manifestos/:blId to edit the B/L and see its history,"BlDetalhe.tsx tabs: Detalhes (useBlEditForm -> save_bl_review with optimistic lock), Faturamento (client/charges/demurrage/invoice sections), Histórico (bl_timeline pages of 50; Auditoria = justified subset); the Importar B/L modal here is scoped to the open B/L; edits invalidate detail/list/voyage caches.",Verified,-,-,Vitest: blTabs.test.tsx; blDetalheHelpers.test.ts; blTimelinePresentation.test.ts,src/pages/BlDetalhe.tsx; src/hooks/useBlEditForm.ts; src/components/bl/,-
MAN-RPC-05,Manifestos & EDI,As an operator I read the humanized B/L timeline,"bl_timeline(p_bl_id text, p_limit int=50, p_offset int=0) -> table (130_bl_timeline_rpc.sql; STABLE SECURITY DEFINER; is_active_user(); PUBLIC/anon revoked): read-only union of bl, bl_container, charge_calculation, invoice (via invoice_bls) and system events for the B/L; excludes global events.",Verified,-,-,Vitest: blTimelinePresentation.test.ts,src/services/blTimeline.ts; supabase/migrations/130_bl_timeline_rpc.sql,-
MAN-ROUTE-03,Manifestos & EDI,As an operator I want /carga-solta to preview and import breakbulk manifests,"CargaSolta.tsx previews and imports BB manifests via import_breakbulk_manifest_transactional (144_import_breakbulk_manifest_transactional.sql; atomic): rejects duplicate file/incompatible cargo mode, creates batch/B/Ls/bl_breakbulk_items and applies the batch review gate; import errors recorded per line in import_errors.",Verified,-,-,Vitest: breakbulkImport.test.ts; breakbulkFixtures.real.test.ts; cargaSoltaRoute.test.ts; SQL-contract: breakbulkImportAtomicMigration.test.ts,src/pages/CargaSolta.tsx; src/services/breakbulkImport.ts; supabase/migrations/144_import_breakbulk_manifest_transactional.sql,-
MAN-TRG-01,Manifestos & EDI,As the platform I reject breakbulk items whose parent B/L is not carga_solta,validate_bl_breakbulk_item_parent() BEFORE INSERT/UPDATE on bl_breakbulk_items (006_breakbulk_module.sql) rejects items whose parent B/L cargo mode is not carga_solta.,Verified (static),-,-,Static,supabase/migrations/006_breakbulk_module.sql,Verified by code read — SQL/trigger/cron/edge or live-DB RLS surface with no executable assertion in this environment (static is the strongest method available).
MAN-ROUTE-04,Manifestos & EDI,As an operator I want /containers to filter containers and import dates/flags,Containers.tsx filters bl_containers; containerDatesImport.ts imports operational dates (audited; ATA propagation per 138_audit_container_dates_and_propagate_ata.sql) and containerFlagsImport.ts imports IMO/OOG/status flags with audit; date changes feed demurrage; container delete is blocked by dependency checks in containers.ts.,Verified,-,-,Vitest: containerDatesImport.test.ts; containers.delete.test.ts; SQL-contract: containerDateAuditMigration.test.ts; containerNumberGuardMigration.test.ts,src/pages/Containers.tsx; src/services/containerDatesImport.ts; src/services/containers.ts,-
MAN-ROUTE-05,Manifestos & EDI,As an operator I want /veiculos to import and delete RoRo vehicles in a controlled way,Veiculos.tsx imports vehicle spreadsheets via import_vehicle_rows_transactional(jsonb) (final ACL in 109_fix_anon_executable_import_rpcs.sql; active user; atomic); relationships validated by trigger; controlled delete recalculates charges and may call cancel_invoice to release an exempt B/L.,Verified,-,-,Vitest: vehicleImport.test.ts; vehicles.delete.test.ts,src/pages/Veiculos.tsx; src/services/vehicleImport.ts; src/services/vehicles.ts,-
MAN-TRG-02,Manifestos & EDI,As the platform I validate vehicle relationships on write,validate_vehicle_relationships() BEFORE INSERT/UPDATE on vehicles (004_vehicles.sql; search_path fixed later) normalizes fields and rejects incoherent voyage/B/L/container combinations.,Verified (static),-,-,Static,supabase/migrations/004_vehicles.sql,Verified by code read — SQL/trigger/cron/edge or live-DB RLS surface with no executable assertion in this environment (static is the strongest method available).
MAN-ROUTE-06,Manifestos & EDI,As an operator I want /baplie to import staging and resolve divergences against the manifest,"Baplie.tsx imports EDI into per-voyage staging via import_baplie_staging_transactional(bigint,jsonb) (109; DEFINER; active+admin; atomically replaces the voyage staging); baplieReconciliation.ts compares container_number+voyage_id: existence divergences are warnings, attribute divergences (IMO/OOG/status) are operator-resolved and persisted in baplie_reconciliation_resolutions; commercial fields never overwritten by Baplie.",Verified,-,-,Vitest: baplieReconciliation.test.ts; baplieInvalidation.test.ts,src/pages/Baplie.tsx; src/services/baplieImport.ts; src/services/baplieReconciliation.ts; supabase/migrations/109_fix_anon_executable_import_rpcs.sql,-
MAN-RPC-06,Manifestos & EDI,As an operator I delete the Baplie manifest of a voyage in a scoped way,delete_baplie_manifest_for_voyage(bigint) -> integer (097_vazios_importacao_delete_admin_only.sql; SECURITY DEFINER; search_path=''; is_active_user()): deletes only the source='baplie' manifest of the voyage; containers fall by cascade; used by the vazios reimport flow.,Verified,-,-,Vitest: vaziosImportacaoImport.test.ts,src/services/vaziosImportacaoImport.ts; supabase/migrations/097_vazios_importacao_delete_admin_only.sql,-
MAN-ROUTE-07,Manifestos & EDI,As an operator I want /vazios-importacao to import empties from spreadsheet or Baplie,VaziosImportacao.tsx imports via import_vazios_importacao_transactional and replace_vazios_from_baplie_transactional (146_import_vazios_transactional.sql; atomic; active user); reimport respects manifest/source; per-voyage manifest removal available; stats via useVaziosImportacaoStats.,Verified,-,-,Vitest: vaziosImportacaoImport.test.ts; vaziosImportsAtomic.test.ts,src/pages/VaziosImportacao.tsx; src/services/vaziosImportacaoImport.ts; supabase/migrations/146_import_vazios_transactional.sql,-
MAN-ROUTE-08,Manifestos & EDI,As an operator I want /embarquevazios to import export-empties bookings,EmbarqueVazios.tsx imports bookings via import_vazios_bookings_transactional (146; atomic; active user); import bounded per file and voyage; filters over vazios_bookings.,Verified,-,-,Vitest: vaziosImportsAtomic.test.ts,src/pages/EmbarqueVazios.tsx; src/services/vaziosImport.ts; supabase/migrations/146_import_vazios_transactional.sql,-
MAN-ROUTE-09,Manifestos & EDI,As a user I want legacy /vazios to redirect to /embarquevazios,src/App.tsx renders Navigate to /embarquevazios with replace.,Verified (static),-,-,Static,src/App.tsx,Redirect de uma linha em src/App.tsx; sem teste dedicado apos a remocao de VaziosRedirect.test.tsx.
MAN-ACT-03,Manifestos & EDI,As an admin I want B/L deletion blocked by fiscal dependencies,"bls.ts delete flow pre-checks invoices, invoice links, receivables and issued demurrage; blocked items are reported while deletable ones proceed bottom-up; deletions audited best-effort via deleteAudit.ts (ADR 0009).",Verified,-,-,Vitest: bls.delete.test.ts; deleteAudit.test.ts,src/services/bls.ts; src/services/deleteDependencies.ts; src/services/deleteAudit.ts,-
MAN-ACT-04,Manifestos & EDI,As the platform I limit upload size before parsing spreadsheets/EDI,"importCore.ts e lib/fileGuard.ts (assertUploadSize, MAX_UPLOAD_BYTES = 10 MiB) impoem o tamanho maximo antes de ler buffers ou chamar XLSX.read, para todo arquivo de importacao nao confiavel (regra do ADR 0005).",Verified,-,-,Vitest: importCore.test.ts; uploadLimits.test.ts,src/services/importCore.ts; src/lib/fileGuard.ts,-
MAN-ACC-01,Manifestos & EDI,As the platform I enforce RLS on the B/L family tables,"Final state of 010: bls, bl_containers, bl_breakbulk_items — active users read/insert/update; admin deletes. bls carries review gate, promotion and billing guards via triggers; bl_containers delete additionally blocked by service-level dependency checks.",Verified (static),-,-,Static,supabase/migrations/010_rls_by_role.sql,Verified by code read — SQL/trigger/cron/edge or live-DB RLS surface with no executable assertion in this environment (static is the strongest method available).
MAN-ACC-02,Manifestos & EDI,As the platform I enforce RLS on bl_freight_lines,162_bl_freight_lines.sql: active users read/insert/update; admin deletes; the importer writes through the transactional RPC; lines cascade with the B/L; source of Frete & Despesas for preview and Mercante EDI C5.,Verified,-,-,SQL-contract: blFreightLinesMigration.test.ts,supabase/migrations/162_bl_freight_lines.sql,-
MAN-ACC-03,Manifestos & EDI,As the platform I enforce RLS on Baplie staging and import tables,Baplie staging/resolutions (rls hardening): active read/insert/update; admin delete. import_batches/import_errors (010): active read/insert/update; admin delete. vazios_* tables (042 + later fix removing stale permissive policies): active read/insert/update; admin delete. vehicles (010): active r/i/u; admin delete.,Verified,-,-,SQL-contract: rlsHardeningMigration.test.ts,supabase/migrations/042_rls_module_hardening.sql; supabase/migrations/091_harden_remaining_permissive_rls.sql,-
TL-ROUTE-01,Taxas Locais,"As an admin I want /taxas-locais/tabelas to manage charge tables, items and customer overrides",TaxasLocaisTabelas.tsx requires UI capabilities charge_tables/charge_overrides (useAuth); CRUD via chargeTableService.ts and chargeRateService.ts over charge_tables/charge_table_items/customer_rate_overrides (all admin-only at RLS); mutations invalidate queryKeys.charges.* families; table validity gates ready_for_billing.,Verified,-,-,Vitest: TaxasLocaisTabelas.test.ts; chargeRateService.test.ts; taxasLocaisHelpers.test.ts,src/pages/TaxasLocaisTabelas.tsx; src/services/charges/chargeTableService.ts; src/services/charges/chargeRateService.ts,-
TL-ROUTE-02,Revisão,As an operator I want /revisao to fix pendencies grouped by customer and trigger auto-billing,"Revisao.tsx via useReview/review.ts shows the queue of bls+granite_bls pendencies grouped by customer (CNPJ); inline editors fix link/email/portal provisioning in batch; corrections go through save_bl_review which recomputes the canonical gate; when the canonical pendency list is empty, reviewBillingAutomation.ts attempts calculate_bl_local_charges + mark_bl_ready_and_create_invoice.",Verified,-,-,Vitest: Revisao.test.tsx; ReviewInlineEditors.test.tsx; useReview.test.ts; review.test.ts; reviewBillingAutomation.test.ts; revisaoHelpers.test.ts,src/pages/Revisao.tsx; src/hooks/useReview.ts; src/services/review.ts; src/services/reviewBillingAutomation.ts,-
TL-RPC-01,Revisão,As an operator I save a B/L review with optimistic locking and a canonical gate,"save_bl_review(text,timestamptz,jsonb,jsonb,uuid) -> jsonb (final def 129_review_gate_hardening.sql; SECURITY DEFINER; active user; p_changed_by=auth.uid()): PT409 on stale timestamp; updates fields; recomputes pendencies from real state via compute_bl_review_pendencies (customer linked, contact email, portal active with auth_user_id, BB weight; CE Mercante is NOT a lock); is the only author of review_status; discards client-sent status audit and records effective before/after; syncs reconciliation queue.",Verified,-,-,SQL-contract: reviewGateCanonicalMigration.test.ts; reviewGateHardeningMigration.test.ts; Integration (not run),src/services/review.ts; src/hooks/useBlEditForm.ts; src/components/bl/BlClienteSection.tsx; supabase/migrations/129_review_gate_hardening.sql,-
TL-RPC-02,Taxas Locais,As an operator I calculate local charges for a B/L,"calculate_bl_local_charges(text,uuid,boolean) -> jsonb (098_fix_recalc_clears_billing_hold_reason.sql; guard added by 151_guard_definer_rpcs_active_user.sql): recreates automatic lines from the current table/override, updates charge status and clears billing hold; requires active user.",Verified,-,-,SQL-contract: definerActiveUserGuardMigration.test.ts; Vitest: localCharges.test.ts,src/services/charges/chargeOperationsService.ts; supabase/migrations/098_fix_recalc_clears_billing_hold_reason.sql; supabase/migrations/151_guard_definer_rpcs_active_user.sql,-
TL-RPC-03,Taxas Locais,As an operator I add/update/delete manual charge lines with billing guards,"add_manual_bl_charge, update_manual_bl_charge and delete_manual_bl_charge (108_guard_manual_charges_and_clear_pix_on_reversal.sql; DEFINER; active user): only manual eligible lines are mutable; all audited; any mutation is blocked when the B/L is protected by an active invoice.",Verified,-,-,SQL-contract: guardManualChargesMigration.test.ts,src/services/charges/chargeOperationsService.ts; supabase/migrations/108_guard_manual_charges_and_clear_pix_on_reversal.sql,-
TL-RPC-04,Taxas Locais,As an operator I read charge lines and eligible manual items per B/L,"list_bl_local_charge_lines(text) (016) and list_manual_charge_items_for_bl(text) (019), both SECURITY DEFINER readers; 151 added the is_active_user() guard they lacked; read-only.",Verified,-,-,SQL-contract: definerActiveUserGuardMigration.test.ts,src/services/charges/chargeOperationsService.ts; supabase/migrations/016_local_charges_stage_a.sql; supabase/migrations/019_local_charges_manual_and_status_workflow.sql; supabase/migrations/151_guard_definer_rpcs_active_user.sql,-
TL-RPC-05,Taxas Locais,As an operator I mark charges reviewed,"mark_bl_charges_reviewed(text,uuid) -> jsonb (019; DEFINER; active user): moves calculations/B/L to reviewed and audits; hooks invalidate lines, B/Ls and pendencies.",Verified (static),-,-,Static,src/services/charges/chargeOperationsService.ts; supabase/migrations/019_local_charges_manual_and_status_workflow.sql,Verified by code read — SQL/trigger/cron/edge or live-DB RLS surface with no executable assertion in this environment (static is the strongest method available).
TL-RPC-06,Taxas Locais,As an operator I promote a B/L to ready_for_billing under the canonical gate,"mark_bl_ready_for_billing(text,uuid) -> jsonb (129; DEFINER; active user; anon revoked): revalidates canonical gate, customer, pending/USD lines, positive BRL value and an active charge table; updates calculations/B/L; audits; may trigger auto-issue.",Verified,-,-,SQL-contract: guardInvoiceableReadyStateMigration.test.ts; reviewGateHardeningMigration.test.ts,src/services/charges/chargeOperationsService.ts; supabase/migrations/129_review_gate_hardening.sql,-
TL-RPC-07,Taxas Locais,As an operator I mark ready and create the invoice atomically,"mark_bl_ready_and_create_invoice(text,bigint,date,text,uuid) -> jsonb (102_mark_ready_and_invoice_atomic.sql; INVOKER; active+admin): marks ready and creates invoice+ledger in one transaction; any failure rolls back both.",Verified (static),-,-,Static,src/services/billing.ts; supabase/migrations/102_mark_ready_and_invoice_atomic.sql,Verified by code read — SQL/trigger/cron/edge or live-DB RLS surface with no executable assertion in this environment (static is the strongest method available).
TL-RPC-08,Revisão,As the platform I reapply the review gate to a batch after import,"apply_bl_review_gate_after_import(text[],uuid) -> integer (129; DEFINER; active user): recomputes pendencies only for the batch B/Ls, updates bls/audit_logs/queue; never reopens invoiced historical B/Ls. It has no direct frontend caller by design — the import RPCs invoke it internally (migrations 129, 144, 149, 161).",Verified,-,-,SQL-contract: reviewGateHardeningMigration.test.ts,supabase/migrations/129_review_gate_hardening.sql,-
TL-RPC-09,Revisão,As an operator I manage the customer reconciliation queue,"list_customer_reconciliation_queue(text,int) (025; reader guarded by 151), approve_customer_reconciliation(bigint,bigint,text,uuid) and reject_customer_reconciliation(bigint,text,uuid) (025; DEFINER; active user): approve links/updates B/L and contact; reject records reason; both audit and invalidate queue/operations/billing/B/L caches.",Verified,-,-,Vitest: customerReconciliation.test.ts; customerReconciliation.status.test.ts; SQL-contract: definerActiveUserGuardMigration.test.ts; reconciliationQueueRpcMigration.test.ts,src/services/charges/chargeReconciliationService.ts; supabase/migrations/025_billing_orchestration_portal.sql,-
TL-TRG-01,Revisão,As the platform I only promote calculated B/Ls when the canonical gate allows,"promote_calculated_bl_ready_for_billing() BEFORE INSERT/UPDATE on bls (129): promotes calculated -> ready only when canonical gate, customer, BRL value and currencies allow; EXECUTE revoked from clients.",Verified,-,-,SQL-contract: reviewGateHardeningMigration.test.ts,supabase/migrations/129_review_gate_hardening.sql,-
TL-TRG-02,Revisão,As the platform I block invoicing while review pendencies are open,prevent_pending_review_invoice() BEFORE INSERT/UPDATE OF financial_status on bls (129): blocks financial_status='invoiced' while review or canonical pendencies remain.,Verified,-,-,SQL-contract: reviewGateHardeningMigration.test.ts,supabase/migrations/129_review_gate_hardening.sql,-
TL-TRG-03,Taxas Locais,As the platform I keep container B/Ls consistent for charging,guard_container_bl_without_containers() AFTER I/U on bls (064) creates a synthetic pendency so an empty container B/L cannot stay calculated/ready; ensure_container_bl_charge_status_default() (065) converts NULL charge_status of CNTR B/Ls to not_calculated; populate_charge_calculation_billing_metadata() (025) fills manifest and commercial-rule version on charge_calculations.,Verified (static),-,-,Static,supabase/migrations/064_fix_granite_invoice_cancel_reissue.sql; supabase/migrations/065_fix_null_charge_status_cntr.sql; supabase/migrations/025_billing_orchestration_portal.sql,Verified by code read — SQL/trigger/cron/edge or live-DB RLS surface with no executable assertion in this environment (static is the strongest method available).
TL-ACC-01,Taxas Locais,As the platform I enforce RLS on charge configuration and calculations,"charge_tables, charge_table_items, customer_rate_overrides: all operations admin-only (010+014). charge_calculations: SELECT admin (014), INSERT/UPDATE active (010), DELETE admin. customer_reconciliation_queue guarded via RPCs.",Verified (static),-,-,Static,supabase/migrations/010_rls_by_role.sql; supabase/migrations/014_lock_down_financial_reads_and_audit_writes.sql,Verified by code read — SQL/trigger/cron/edge or live-DB RLS surface with no executable assertion in this environment (static is the strongest method available).
BILL-ROUTE-01,Faturamento,As a finance user I want /taxas-locais to validate B/Ls and manage the invoice lifecycle,"TaxasLocais.tsx (useBilling/useBillingLedger): validation/bottleneck view of B/Ls, individual and consolidated issuance, invoice list; InvoiceDetailModal registers payments, cancels, refunds and prints; all financial writes go through admin-guarded RPCs; caches for invoices/receivables/B/Ls/customers/alerts invalidated.",Verified,-,-,Vitest: TaxasLocais.behavior.test.tsx; TaxasLocais.test.ts; faturamentoInvoiceStatus.test.ts; faturamentoLedgerPayment.test.ts,src/pages/TaxasLocais.tsx; src/services/billing.ts; src/services/billingLedger.ts,-
BILL-RPC-01,Faturamento,As a finance user I create an invoice from B/Ls with ledger linkage,"create_invoice_from_bls_with_ledger(text[],bigint,date,text,boolean,uuid) -> jsonb (100 + secure wrapper 141_secure_billing_core_wrappers.sql; active+admin): validates caller, runs the revoked core and link_invoice_to_ledger; frontend persists PIX payload as fallback. Legacy create_invoice_from_bls remains (020) behind the same wrapper hardening.",Verified,-,-,SQL-contract: billingCoreWrapperPrivilegesMigration.test.ts; Integration (not run),src/services/billing.ts; supabase/migrations/100_create_invoice_from_bls_with_ledger.sql; supabase/migrations/141_secure_billing_core_wrappers.sql,-
BILL-RPC-02,Faturamento,As a finance user I create a consolidated invoice from receivables,"create_local_consolidated_invoice(bigint,bigint[],date,text,uuid) -> jsonb (083_portal_ledger_alignment.sql; DEFINER; active+admin; wrapper -> private core): creates the consolidated invoice, invoice_receivable_links and lifecycle event; rejects receivables already in an open consolidation.",Verified,-,-,Vitest: ConsolidatedInvoiceModal.test.tsx; ConsolidatedInvoiceSelection.test.ts,src/services/billingLedger.ts; supabase/migrations/083_portal_ledger_alignment.sql,-
BILL-RPC-03,Faturamento,As a finance user I batch mark-ready and create an invoice atomically,mark_bls_ready_and_create_invoice (133_mark_bls_ready_and_create_invoice_atomic.sql; active+admin): batch variant that marks B/Ls ready and creates the invoice in one transaction.,Verified,-,-,SQL-contract: markBlsReadyAndCreateInvoiceMigration.test.ts; Vitest: localBatchBillingWorkflow.test.ts,src/services/billing.ts; supabase/migrations/133_mark_bls_ready_and_create_invoice_atomic.sql,-
BILL-RPC-04,Faturamento,As a finance user I run billing post-processing for an import batch,run_billing_for_import_batch (149_remove_billing_from_import_function.sql; active+admin): executes the billing step decoupled from the manifest import function.,Verified,-,-,Vitest: localBatchBillingWorkflow.test.ts,src/services/billing.ts; supabase/migrations/149_remove_billing_from_import_function.sql,-
BILL-RPC-05,Faturamento,As a finance user I read invoice details,"list_invoice_details(bigint) -> jsonb (020; INVOKER; active+admin): reads invoice, B/Ls, items and payments; the client complements consolidated breakdown and backfills PIX best-effort.",Verified,-,-,Vitest: billing.test.ts; Integration (not run),src/services/billing.ts; supabase/migrations/020_billing_hybrid_workflow.sql,-
BILL-RPC-06,Faturamento,As a finance user I read the consolidated invoice item breakdown,get_consolidated_invoice_item_breakdown(bigint) -> table (090_restrict_consolidated_invoice_breakdown.sql; DEFINER; active+admin; PUBLIC revoked): protected read of calculations behind a consolidated invoice; client falls back to aggregate if shape/sum does not reconcile.,Verified,-,-,SQL-contract: consolidatedInvoiceBreakdownMigration.test.ts,src/services/billing.ts; supabase/migrations/090_restrict_consolidated_invoice_breakdown.sql,-
BILL-RPC-07,Faturamento,As a finance user I register payments (document and ledger paths),"register_invoice_payment(bigint,numeric,text,timestamptz,text,uuid) (020; INVOKER; active+admin) inserts payment and updates invoice/B/L status; register_ledger_invoice_payment (8 args; 111_pix_exact_and_manual_overpayment_refunds.sql; DEFINER; active+admin) allocates in the ledger, updates receivables/links/invoice/B/Ls, writes lifecycle events and creates a refund for manual overpayment; PIX-exact rules enforced.",Verified,-,-,SQL-contract: ledgerPartialPaymentsMigration.test.ts; pixExactAndRefundsMigration.test.ts; Integration (not run),src/services/billing.ts; src/services/billingLedger.ts; supabase/migrations/111_pix_exact_and_manual_overpayment_refunds.sql,-
BILL-RPC-08,Faturamento,As a finance admin I cancel an unpaid invoice,"cancel_invoice(bigint,text,uuid) -> jsonb (064 + wrapper 142_secure_cancel_invoice_wrapper.sql; DEFINER; active+admin): cancels an invoice without payments, updates batch and B/L/Granito financial state and audits; also used by the vehicle flow to release an exempt B/L.",Verified,-,-,Vitest: billingCancelInvoice.test.ts; SQL-contract: billingCancelPrivilegesMigration.test.ts; Integration (not run),src/services/billing.ts; src/services/vehicleImport.ts; supabase/migrations/142_secure_cancel_invoice_wrapper.sql,-
BILL-RPC-09,Faturamento,As a finance admin I add/delete manual invoice items,"add_manual_invoice_charge(bigint,text,numeric,numeric,text,uuid) and delete_manual_invoice_charge(bigint,uuid) (108; INVOKER; active+admin): mutate manual items of an open invoice, recalculate totals, clear/regenerate PIX payload per state and audit.",Verified,-,-,SQL-contract: guardManualChargesMigration.test.ts,src/services/billing.ts; supabase/migrations/108_guard_manual_charges_and_clear_pix_on_reversal.sql,-
BILL-RPC-10,Faturamento / Ledger,As a finance user I consult and settle ledger artifacts,"list_consolidatable_receivables (066), list_invoice_refunds (112; STABLE INVOKER), settle_invoice_refund (112; DEFINER; active+admin; pending->settled with audit), backfill_invoice_receivable_links (066/067), link_invoice_to_ledger and sync_local_charge_receivable (ledger maintenance called by billing flows).",Verified,-,-,SQL-contract: settleInvoiceRefundsMigration.test.ts; ledgerBackfillExceptionReportMigration.test.ts; Integration (not run),src/services/billingLedger.ts; supabase/migrations/066_local_billing_ledger_phase1.sql; supabase/migrations/067_local_billing_ledger_phase2.sql; supabase/migrations/112_settle_invoice_refunds.sql,-
BILL-RPC-11,Alertas / Faturamento,As the platform I detect overdue local invoices and raise alerts,detect_overdue_invoices() -> integer (024; DEFINER; guard added by 151): marks overdue local invoices and creates non-duplicate alerts; callable from alerts.ts.,Verified,-,-,SQL-contract: definerActiveUserGuardMigration.test.ts,src/services/alerts.ts; supabase/migrations/024_detect_overdue_invoices.sql; supabase/migrations/151_guard_definer_rpcs_active_user.sql,-
BILL-TRG-01,Faturamento,As the platform I number invoices and guard duplicates/overdue at insert,assign_invoice_number() BEFORE INSERT on invoices (003) fills the annual sequential number; fn_block_invoice_overdue_customer() (031) blocks a new invoice when the customer has an overdue local invoice; prevent_duplicate_active_invoice_bl_link() (064) rejects a second active/paid link for the same B/L.,Verified (static),-,-,Static,supabase/migrations/003_functions.sql; supabase/migrations/031_overdue_enforcement.sql; supabase/migrations/064_fix_granite_invoice_cancel_reissue.sql,Verified by code read — SQL/trigger/cron/edge or live-DB RLS surface with no executable assertion in this environment (static is the strongest method available).
BILL-TRG-02,Faturamento,As the platform I mark overdue invoices daily via pg_cron,pg_cron job mark-overdue-invoices (06:00 UTC; 031) runs mark_overdue_invoices() over local invoices; demurrage was removed from overdue enforcement by 157_demurrage_drop_overdue.sql (demurrage has no due_date/overdue).,Verified (static),-,-,Static,supabase/migrations/031_overdue_enforcement.sql; supabase/migrations/157_demurrage_drop_overdue.sql,Cron runtime not verifiable from repo.
BILL-TRG-03,Ledger,As the platform I auto-issue an individual invoice when a B/L becomes ready,emit_invoice_on_bl_ready() AFTER I/U OF charge_status on bls (070_ledger_individual_invoice_rpc.sql): syncs the receivable and attempts a best-effort individual invoice; failure becomes audit_logs.auto_invoice_failed without aborting the transition.,Verified,-,-,SQL-contract: ledgerIndividualRpcMigration.test.ts,supabase/migrations/070_ledger_individual_invoice_rpc.sql,-
BILL-TRG-04,Ledger,As the platform I keep consolidated links and reissue chains coherent,mark_obsolete_consolidated_links() AFTER UPDATE OF status on invoices (073) obsoletes all active links; mark_replaced_obsolete_consolidated_invoice() AFTER INSERT of an active link (076) chains the obsolete invoice to its replacement; ledger settlement guards (ledgerSettlementGuardsMigration) protect settlement invariants.,Verified,-,-,SQL-contract: ledgerObsoleteConsolidatedLinksMigration.test.ts; ledgerConsolidatedReissueMigration.test.ts; ledgerSettlementGuardsMigration.test.ts,supabase/migrations/073_ledger_obsolete_consolidated_links.sql; supabase/migrations/076_ledger_consolidated_reissue_links.sql,-
BILL-TRG-05,Faturamento / PIX,As the platform I maintain PIX payloads and TXID uniqueness,populate_local_invoice_pix_payload() BEFORE I/U on invoices (074) generates the PIX payload for local individual/consolidated invoices; keep_single_pix_txid_settlement_row() BEFORE INSERT on ledger_settlements (075) stores the TXID only on the first row of a consolidated payment.,Verified,-,-,SQL-contract: ledgerPixPayloadMigration.test.ts; ledgerPixSettlementTxidMigration.test.ts,supabase/migrations/074_ledger_invoice_pix_payload.sql; supabase/migrations/075_ledger_pix_txid_single_settlement_row.sql,-
BILL-ACT-01,Faturamento,As a finance user I print an invoice document with PIX QR,Invoice documents are print-ready React components sharing InvoiceDocumentKit.tsx (header/title/client/footer); print rules live in src/index.css and the file is produced by window.print(); PIX payload rendered as QR via qrcode.react and src/lib/pix.ts.,Verified,-,-,Vitest: InvoiceDocument.behavior.test.tsx; InvoiceDetailPrint.test.tsx; pix.test.ts,src/components/shared/InvoiceDocumentKit.tsx; src/lib/pix.ts,-
BILL-ACC-01,Faturamento / Ledger,As the platform I keep financial tables admin-only,"invoices, payments, invoice_bls, billing_batches (SELECT active per 041), bl_receivables and invoice_receivable_links: financial families are admin-only for writes (and mostly for reads) per 010+014+020 and the ledger migrations; operational surfaces read through RPCs.",Verified (static),-,-,Static,supabase/migrations/014_lock_down_financial_reads_and_audit_writes.sql; supabase/migrations/020_billing_hybrid_workflow.sql; supabase/migrations/041_rls_missing_tables.sql,Verified by code read — SQL/trigger/cron/edge or live-DB RLS surface with no executable assertion in this environment (static is the strongest method available).
DEM-ROUTE-01,Demurrage,As an operator I want /demurrage to track containers and manage demurrage invoices,"Demurrage.tsx tracks container discharge/return per B/L, lists demurrage invoices with tabs, shows a PTAX staleness banner and an 'Informar PTAX' modal that calls recalculate_demurrage_invoices_manual; voyage filter uses VoyageCombobox (clearable); KPIs from demurrageKpis.ts.",Verified,-,-,Vitest: demurrageInvoiceTabs.test.ts; demurrageKpis.test.ts; demurrageService.test.ts,src/pages/Demurrage.tsx; src/services/demurrage/,-
DEM-ROUTE-02,Demurrage,As an admin I want /demurrage/taxas to manage demurrage rates,"DemurrageRates.tsx CRUDs demurrage_rates via demurrageRates.ts (delete behind confirm dialog); rates configurable per container type with temporal validity; active flag = immediate deactivation, valid_to = scheduled expiry; RLS: SELECT active, mutations admin.",Verified,-,-,Vitest: DemurrageRates.behavior.test.tsx; demurrageRateUpsertPayload.test.ts,src/pages/DemurrageRates.tsx; src/services/demurrage/demurrageRates.ts; supabase/migrations/048_demurrage_rates_table.sql,-
DEM-ROUTE-03,Demurrage,As a user I want legacy /demurrage/invoices to redirect to /demurrage,src/App.tsx renders Navigate to /demurrage with replace.,Verified (static),-,-,Static,src/App.tsx,Verified by code read — SQL/trigger/cron/edge or live-DB RLS surface with no executable assertion in this environment (static is the strongest method available).
DEM-ACT-01,Demurrage,"As an operator I want demurrage calculated from dates, free time and P1/P2 rates","calculateDemurrage: days between discharge and return minus free time; free time override affects only the start of billing (P1 begins at override+1) while P1/P2 band boundaries stay fixed by the rate group; return-before-discharge rejected in calculation, UI/import and DB constraint; USD discounts applied before conversion; markup 1.065 is a single canonical constant; rate precedence: B/L override > active valid db rate (no static fallback).",Verified,-,-,Vitest: calculateDemurrage.test.ts; applyDemurrageUsdDiscount.test.ts; fetchROE.test.ts,src/services/demurrage/; src/lib/,-
DEM-RPC-01,Demurrage,As an operator I issue a demurrage invoice only when all containers returned,"create_demurrage_invoice_with_items (132_create_demurrage_invoice_atomic.sql; issuance semantics per 156_demurrage_create_invoice_issued.sql): creates invoice + frozen USD line items atomically (free days, P1/P2 days and rates per item); only issuable when every container of the B/L has returned; USD locked at issuance; the initial recalculation snapshot is written to demurrage_invoice_history at issuance.",Verified,-,-,Vitest: createDemurrageInvoiceAtomic.test.ts; SQL-contract: createDemurrageInvoiceMigration.test.ts,src/services/demurrage/demurrageInvoices.ts; supabase/migrations/132_create_demurrage_invoice_atomic.sql; supabase/migrations/156_demurrage_create_invoice_issued.sql,-
DEM-RPC-02,Demurrage,As the platform I recalculate unpaid demurrage invoices when a new PTAX arrives,"recalculate_demurrage_invoices(p_ptax,p_quote_date,p_source) (155_demurrage_recalculate_rpcs.sql; SECURITY DEFINER; no auth.uid() check; executable only by service_role): applies markup 1.065 in the DB, updates current_roe/current_total_brl of unpaid invoices and appends an immutable demurrage_invoice_history row only when the PTAX actually changes (event_date = quote date).",Verified,-,-,SQL-contract: demurrageRecalcAndPixWindowMigration.test.ts,supabase/migrations/155_demurrage_recalculate_rpcs.sql; supabase/migrations/154_demurrage_rename_frozen_to_current.sql,-
DEM-RPC-03,Demurrage,As an operator I inform a PTAX manually when the scheduled job cannot,"recalculate_demurrage_invoices_manual (155; authenticated wrapper requiring is_active_user()): same recalculation core, driven by the 'Informar PTAX' modal on /demurrage.",Verified,-,-,SQL-contract: demurrageRecalcAndPixWindowMigration.test.ts,src/services/demurrage/; supabase/migrations/155_demurrage_recalculate_rpcs.sql,-
DEM-RPC-04,Demurrage,As the platform I expose the two most recent recalculation values for payment validation,"get_demurrage_recent_values(p_invoice_id bigint, p_date date) (158_demurrage_pix_window_conciliation.sql; anon revoked; authenticated granted): returns the two most recent demurrage_invoice_history entries with event_date <= payment date, implementing the ADR 0015 two-PTAX window.",Verified,-,-,SQL-contract: demurrageRecalcAndPixWindowMigration.test.ts,supabase/migrations/158_demurrage_pix_window_conciliation.sql,-
DEM-RPC-05,Demurrage,As an operator I save per-B/L demurrage config atomically,save_bl_demurrage_config (147_save_bl_demurrage_config_atomic.sql; active user): saves free-time override and related config for a B/L in one call with audit; called from BlDemurrageSection.,Verified,-,-,Vitest: blDemurrageConfigAtomic.test.ts,src/components/bl/BlDemurrageSection.tsx; supabase/migrations/147_save_bl_demurrage_config_atomic.sql,-
DEM-EDGE-01,Demurrage,As the platform I fetch the daily PTAX and trigger the recalculation,"Edge Function recalc-demurrage-ptax: requires Authorization bearer exactly equal to SUPABASE_SERVICE_ROLE_KEY (timing-safe compare); queries BCB CotacaoDolarPeriodo for the last ~10 days, top 1 by dataHoraCotacao desc (never 'today only', so weekends/holidays return the latest quote); passes raw cotacaoVenda to recalculate_demurrage_invoices (markup applied in DB); aborts with error only on HTTP/network failure or empty period; designed to be scheduled weekdays ~14h BRT.",Verified (static),-,-,Static,supabase/functions/recalc-demurrage-ptax/index.ts,"Cron schedule itself lives in Supabase config, not in the repo — deployment/schedule not verifiable here."
DEM-TRG-01,Demurrage,As the platform I default container discharge dates and propagate ATA,set_container_discharge_date() BEFORE INSERT on bl_containers without discharge copies voyages.ata (028); 138_audit_container_dates_and_propagate_ata.sql audits date changes and propagates voyage ATA updates to containers.,Verified,-,-,SQL-contract: containerDateAuditMigration.test.ts,supabase/migrations/028_demurrage_module.sql; supabase/migrations/138_audit_container_dates_and_propagate_ata.sql,-
DEM-ACC-01,Demurrage,As the platform I enforce RLS on demurrage tables including the recalculation history,"demurrage_rates: SELECT active, mutations admin. demurrage_invoices/demurrage_invoice_items (050 final): active read/insert/update, admin delete. demurrage_invoice_history (160_demurrage_invoice_history_rls_active.sql): SELECT restricted to is_active_user() — fixing the permissive USING(true) SELECT that 153 had created — and writes only via SECURITY DEFINER RPCs.",Verified,-,-,SQL-contract: demurrageInvoiceHistoryRlsMigration.test.ts,supabase/migrations/153_demurrage_invoice_history.sql; supabase/migrations/160_demurrage_invoice_history_rls_active.sql,-
PIX-ROUTE-01,Conciliação PIX,As a finance user I want /reconciliacao to import the bank statement and confirm PIX matches,Reconciliacao.tsx: dropzone upload of the bank spreadsheet; parsing extracts transactions and normalizes TXIDs; matching separates safe matches from ambiguities; the operator confirms the batch; history table with pagination/export; reversal entry points.,Verified,-,-,Vitest: Reconciliacao.behavior.test.tsx; reconciliacao.test.ts; reconciliationHistoryPagination.test.ts; reconciliationInvoiceType.test.ts,src/pages/Reconciliacao.tsx; src/services/reconciliacao.ts,-
PIX-ACT-01,Conciliação PIX,As the platform I match demurrage payments by txid with the two-PTAX window,"Per ADR 0015 (158_demurrage_pix_window_conciliation.sql): identification is by txid = doc_number (normalized) only — there is no CNPJ fallback (matchType is 'txid' | 'unmatched' in reconciliacao.ts, and 158 has no CNPJ path); the paid value is validated against the two most recent demurrage_invoice_history entries with event_date <= payment date (R$0.01 tolerance), and the frontend additionally accepts the invoice's current total_brl; only full settlement (no partial demurrage payments); unmatched txids stay unmatched and value mismatches become ambiguous/manual; the matched value is frozen with source='payment' and paid_at set, ending recalculation for that invoice.",Verified,-,-,SQL-contract: demurrageRecalcAndPixWindowMigration.test.ts,supabase/migrations/158_demurrage_pix_window_conciliation.sql; src/services/reconciliacao.ts,-
PIX-RPC-01,Conciliação PIX,As a finance user I confirm local and demurrage PIX matches in one transaction,"confirm_unified_pix_matches(jsonb) -> jsonb (103; demurrage leg rewritten by 158): local invoices reconciled by TXID/value through the guarded ledger RPC; demurrage through confirm_demurrage_pix_matches with the two-PTAX window; a single transaction — any error aborts the whole batch; caller invalidates invoices, demurrage, B/Ls, customers and history.",Verified,-,-,Vitest: reconciliacao.test.ts,src/services/reconciliacao.ts; supabase/migrations/103_confirm_unified_pix_matches.sql; supabase/migrations/158_demurrage_pix_window_conciliation.sql,-
PIX-RPC-02,Conciliação PIX,As a finance admin I reconcile a single payment strictly by TXID,"reconcile_invoice_payment_by_txid(text,numeric,timestamptz) -> jsonb (067; DEFINER; active+admin): strict TXID match; records payment/settlement and updates invoice/receivables.",Verified (static),-,-,Integration (not run): supabase.integration.test.ts,src/services/billingLedger.ts; supabase/migrations/067_local_billing_ledger_phase2.sql,Verified by code read; the opt-in integration suite covers it but was not executed in this environment.
PIX-RPC-03,Conciliação PIX,As a finance admin I reverse a local invoice payment with justification,"reverse_invoice_payment(bigint,text,uuid) -> jsonb (final def 118_fix_bls_financial_status_on_reversal.sql; DEFINER; active+admin; mandatory justification): reverses settlement/payment, reopens receivables/links, fixes invoice status and bls.financial_status, clears PIX effects (108) and audits.",Verified,-,-,SQL-contract: reversalJustificationMigration.test.ts; reversalBlsFinancialStatusMigration.test.ts,src/services/reconciliacao.ts; supabase/migrations/118_fix_bls_financial_status_on_reversal.sql,-
PIX-RPC-04,Conciliação PIX,As a finance admin I reverse a demurrage payment with justification,"reverse_demurrage_payment(bigint,text,uuid) -> jsonb (113 + 131_clear_demurrage_extract_flag_on_reversal.sql; DEFINER; active+admin; mandatory justification): removes the demurrage settlement, reverts invoice status, clears the extract-matched flag and audits.",Verified,-,-,Vitest: DemurragePaymentReversalModal.test.tsx; SQL-contract: reversalJustificationMigration.test.ts,src/services/reconciliacao.ts; supabase/migrations/113_require_justification_on_payment_reversal.sql; supabase/migrations/131_clear_demurrage_extract_flag_on_reversal.sql,-
PIX-ROUTE-02,Conciliação PIX,As a user I want legacy /demurrage/reconciliacao to redirect to /reconciliacao,src/App.tsx renders Navigate to /reconciliacao with replace.,Verified (static),-,-,Static,src/App.tsx,Verified by code read — SQL/trigger/cron/edge or live-DB RLS surface with no executable assertion in this environment (static is the strongest method available).
PORT-ACC-01,Portal,"As a customer I want to log in with CNPJ, CPF or email","PortalLogin.tsx + usePortalAuth.signIn: a document identifier is resolved to the technical email via portal_resolve_login(text); authentication is supabasePortal.auth.signInWithPassword; P0429 keeps a specific rate-limit message, all other failures become a generic credentials error; success hydrates the overview and unlocks PortalProtectedRoute redirecting to /portal.",Verified,-,-,Vitest: usePortalAuth.test.tsx; usePortalAuthHydrate.behavior.test.tsx,src/pages/PortalLogin.tsx; src/hooks/usePortalAuth.tsx; src/services/supabaseAuth.ts,-
PORT-RPC-01,Portal,As the platform I resolve login identifiers pre-auth without enumeration,"portal_resolve_login(text) -> text (122_harden_portal_resolve_login.sql; DEFINER; the only anon pre-auth exception per ADR 0013): logs the attempt by identifier hash, applies an attempt window and returns a generic error; resolves document -> technical email; creates no session.",Verified,-,-,SQL-contract: portalResolveLoginHardeningMigration.test.ts,src/services/portalBilling.ts; supabase/migrations/122_harden_portal_resolve_login.sql,-
PORT-ACC-02,Portal,As a customer I want password recovery without account enumeration,PortalForgotPassword.tsx resolves documents via portal_resolve_login (emails used directly) and calls supabasePortal.auth.resetPasswordForEmail; success and non-rate-limited failures render the same non-enumerating message.,Verified,-,-,Vitest: PortalRecovery.behavior.test.tsx,src/pages/PortalForgotPassword.tsx,-
PORT-ACC-03,Portal,As a customer I want to set a new password from the recovery link,"PortalResetPassword.tsx reads access_token/refresh_token/type=recovery from the URL hash, establishes the session via setSession, strips tokens from the URL and allows updateUser({password}) after validating min 8 chars + confirmation.",Verified,-,-,Vitest: PortalRecovery.behavior.test.tsx,src/pages/PortalResetPassword.tsx,-
PORT-ROUTE-01,Portal,As a customer I want /portal to show my KPIs and the vessel schedule,PortalDashboard.tsx loads portal_get_session_overview_v2() (115; DEFINER; requires auth.uid() + active linked account; updates last_login_at) and the ShipScheduleWidget reading vessel_schedules with Realtime invalidation.,Verified,-,-,Vitest: PortalDashboard.test.tsx; ShipScheduleWidget.test.tsx,src/pages/PortalDashboard.tsx; src/hooks/usePortalAuth.tsx; supabase/migrations/115_portal_fase1_login_cnpj.sql,-
PORT-ROUTE-02,Portal,As a customer I want /portal/billing to list and open my local and demurrage charges,"PortalBilling.tsx via portalBilling.ts: portal_list_invoices, portal_invoice_details, portal_list_consolidatable_receivables, portal_list_demurrage_invoices, portal_get_demurrage_invoice_detail — all scoped by current_portal_customer_id() and gated by CE Mercante (123_portal_ce_mercante_gate.sql; demurrage reference added by 159); consolidation modal creates/obsoletes consolidations.",Verified,-,-,Vitest: PortalBilling.test.tsx; portalBillingMutations.test.ts; SQL-contract: portalCeMercanteGateMigration.test.ts; portalInvoiceHistoryLinksMigration.test.ts; portalInvoiceConsolidatedBreakdownMigration.test.ts,src/pages/PortalBilling.tsx; src/services/portalBilling.ts; supabase/migrations/123_portal_ce_mercante_gate.sql; supabase/migrations/159_portal_demurrage_reference.sql,-
PORT-RPC-02,Portal,As a customer I create a consolidation of my receivables self-service,"portal_create_consolidation(bigint[]) -> jsonb (123; DEFINER): validates ownership, CE gate and rate limit 3/10min; creates the consolidated invoice via the internal core, inserts an internal alert and an in-app notification; hooks invalidate receivables/invoices and refresh the overview.",Verified,-,-,SQL-contract: portalCreateConsolidationJsonbMigration.test.ts; portalCeMercanteGateMigration.test.ts,src/services/portalBilling.ts; supabase/migrations/123_portal_ce_mercante_gate.sql,-
PORT-RPC-03,Portal,As a customer I obsolete my own open consolidation,"portal_obsolete_consolidation(bigint) -> jsonb (119_portal_fixes_post_pr227.sql; DEFINER): requires ownership, obsoletable status and zero payments; rate limit 3/15min; obsoletes invoice + links, records lifecycle, alert and notification (ADR 0002).",Verified,-,-,Vitest: portalBillingMutations.test.ts,src/services/portalBilling.ts; supabase/migrations/119_portal_fixes_post_pr227.sql,-
PORT-RPC-04,Portal,As a customer I open a demurrage dispute,"portal_open_demurrage_dispute(bigint,text) -> jsonb (117_portal_fase3_rate_limiting.sql; DEFINER): own invoice + reason required; rate limit 3/30min; updates dispute state, inserts customer notification and internal alert; disputes never block recalculation or payment.",Verified,-,-,Vitest: portalBillingMutations.test.ts,src/services/portalBilling.ts; supabase/migrations/117_portal_fase3_rate_limiting.sql,-
PORT-ROUTE-03,Portal,As a customer I want /portal/operacao to consult my B/Ls and containers released by the CE gate,PortalOperacao.tsx via portal_list_operation_bls() (123; STABLE DEFINER; customer scope + CE gate): lists own B/Ls; containers and free-time/demurrage indicators derived client-side; export covers only the customer-filtered set.,Verified,-,-,Vitest: PortalOperacao.test.tsx; portalOperation.test.ts; portalOperationViews.test.ts; SQL-contract: portalOperationMigration.test.ts,src/pages/PortalOperacao.tsx; src/services/portalOperation.ts,-
PORT-ROUTE-04,Portal,As a customer I want /portal/perfil to update my profile within allowed fields,"PortalProfile.tsx via portal_get_profile() (116) and portal_update_profile (119; 6 optional text args): updates only account email, customer address and contact phone; overview reloaded after save.",Verified,-,-,Vitest: PortalProfile.test.tsx,src/pages/PortalProfile.tsx; src/services/portalBilling.ts; supabase/migrations/119_portal_fixes_post_pr227.sql,-
PORT-RPC-05,Portal,As a customer I receive and manage in-app notifications,"portal_list_notifications(int=20) (119), portal_notification_unread_count() (116; 30s polling), portal_mark_notification_read(bigint) and portal_mark_all_notifications_read() (116) — all scoped by current_portal_customer_id(); NotificationBell consumes list+counter and invalidates on mutation.",Verified,-,-,Vitest: NotificationBell.behavior.test.tsx; NotificationBell.test.tsx,src/services/portalBilling.ts; src/components/portal/; supabase/migrations/116_portal_fase2_notifications_disputes_profile.sql,-
PORT-TRG-01,Portal,As the platform I notify customers in-app on financial events,"trg_notify_invoice_issued (invoices status -> issued), trg_notify_demurrage_issued (demurrage_invoices) and trg_notify_dispute_responded (dispute_status -> resolvido) insert portal_notifications rows (116_portal_fase2_notifications_disputes_profile.sql); this in-app path is the active customer notification mechanism (email is off by decision).",Verified (static),-,-,Static,supabase/migrations/116_portal_fase2_notifications_disputes_profile.sql,Verified by code read — SQL/trigger/cron/edge or live-DB RLS surface with no executable assertion in this environment (static is the strongest method available).
PORT-EDGE-02,Portal / Faturamento,As the platform I can communicate a financially ready local-charge summary to the customer after CE Mercante is linked,"customer_local_charges_communication_readiness(p_voyage_id,p_customer_id) requires an active internal reader and returns stable readiness reasons for every active B/L; send-customer-communication validates contacts/preferences/suppressions, records idempotent attempts and honors the global simulation switch. The ce_mercante_taxas template contains CE/B-L/BRL rows, voyage total and Portal link, without due date, PIX or attachments.",Verified (static),-,-,"Static + Vitest: customerCommunicationReadinessMigration.test.ts; customerFinanceCommunications.test.ts",supabase/migrations/376_customer_local_charges_communication_readiness.sql; supabase/functions/send-customer-communication/index.ts,"Automatic dispatch runs after CE linkage when all active B/Ls are ready; manual resend increments the discriminator."
PORT-ACC-04,Portal,As the platform I scope every portal data RPC to the authenticated customer,"current_portal_customer_id() resolves the customer from auth.uid() and raises on null; all portal_* data RPCs use it; anon EXECUTE was re-revoked from the six portal read RPCs by 150_revoke_anon_portal_read_rpcs.sql, restoring the ADR 0013 allowlist (portal_resolve_login only); PortalProtectedRoute + isolated storageKey keep the session separate from staff.",Verified,-,-,SQL-contract: definerActiveUserGuardMigration.test.ts; revokeAnonDefinerDriftMigration.test.ts,supabase/migrations/150_revoke_anon_portal_read_rpcs.sql; src/hooks/usePortalAuth.tsx,-
GRA-ROUTE-01,Granito,"As an operator I want /granito to import COSCO sheets, calculate and invoice granite B/Ls","Granite.tsx: selects a voyage, parses the COSCO cargo/booking report (graniteImport.ts), reconciles shipper -> customer, persists granite_manifests/granite_bls via import_granite_manifest_transactional (136; atomic), calculates weight/B/L charges into granite_bl_charges (graniteCharges.ts + granite_rates precedence) and issues shared invoices downstream.",Verified,-,-,Vitest: Granite.behavior.test.tsx; graniteParse.test.ts; graniteImportAtomic.test.ts; graniteCharges.test.ts; graniteBillingWorkflow.test.ts,src/pages/Granite.tsx; src/services/graniteImport.ts; src/services/graniteCharges.ts; supabase/migrations/136_import_granite_manifest_transactional.sql,-
GRA-ROUTE-02,Granito,As an admin I want /granito/taxas to manage granite rates,"GraniteRates.tsx CRUDs granite_rates via graniteCharges.ts services; activation affects future calculations; RLS 042 final: active read/insert/update, admin delete.",Verified,-,-,Vitest: graniteCharges.test.ts,src/pages/GraniteRates.tsx; src/services/graniteCharges.ts,-
GRA-RPC-01,Granito,As a finance admin I create an invoice from granite B/Ls,"create_invoice_from_granite_bls (064_fix_granite_invoice_cancel_reissue.sql; DEFINER; active+admin): creates invoice/items/invoice_granite_bls links, updates granite_bls status and audits; avoids a duplicate active invoice; classification refined by 137_classify_granite_invoices.sql.",Verified,-,-,Vitest: graniteInvoiceClassification.test.ts; graniteInvoiceDetail.test.ts; validacaoGraniteWorkflowContract.test.ts,src/services/billing.ts; supabase/migrations/064_fix_granite_invoice_cancel_reissue.sql; supabase/migrations/137_classify_granite_invoices.sql,-
GRA-RPC-02,Granito,As an operator I review a granite B/L atomically,save_granite_bl_review (148_save_granite_bl_review_atomic.sql; active user): saves the granite review (customer link/status) atomically with audit; surfaces in the unified /revisao queue.,Verified,-,-,Vitest: graniteReviewAtomic.test.ts,src/services/review.ts; supabase/migrations/148_save_granite_bl_review_atomic.sql,-
GRA-TRG-01,Granito,As the platform I reject a second active invoice link for the same granite B/L,prevent_duplicate_active_invoice_granite_bl_link() BEFORE I/U on invoice_granite_bls (064) rejects a second active/paid link for the same granite B/L.,Verified (static),-,-,Static,supabase/migrations/064_fix_granite_invoice_cancel_reissue.sql,Verified by code read — SQL/trigger/cron/edge or live-DB RLS surface with no executable assertion in this environment (static is the strongest method available).
GRA-ACC-01,Granito,As the platform I enforce RLS on granite tables,"granite_manifests, granite_bls, granite_bl_charges, granite_rates (042 final + 050 alignment): active users read/insert/update; admin deletes; invoice_granite_bls follows the financial family.",Verified (static),-,-,Static,supabase/migrations/042_rls_module_hardening.sql; supabase/migrations/050_alignment_granite_portal_demurrage.sql,Verified by code read — SQL/trigger/cron/edge or live-DB RLS surface with no executable assertion in this environment (static is the strongest method available).
CLI-ROUTE-01,Clientes,"As an operator I want /clientes to search, create, import, export and delete customers",Clientes.tsx: summary cards; search by name/fantasy/document; filters by email/B-L/balance; 50-row paginated sortable table; admin-only selection and controlled deletion; create modal; base import with preview; XLSX export via exports.ts.,Verified,-,-,Vitest: customerTableViewModel.test.ts; useCustomersFilters.test.ts; exports.test.ts,src/pages/Clientes.tsx; src/hooks/useCustomers.ts; src/services/customerBase.ts; src/services/exports.ts,-
CLI-ROUTE-02,Clientes,"As an operator I want /clientes/:cnpj to edit the customer record, contacts and Portal account","ClienteFicha.tsx edits the record and contacts (customers.ts/customerBase.ts) and manages the Portal account: upsert_customer_portal_account creates the initially-inactive account, the Edge Function provisions the Auth user, and only then set_customer_portal_account_active can activate; invalidates record and lists.",Verified,-,-,Vitest: ClienteFicha.behavior.test.tsx; customers.test.ts,src/pages/ClienteFicha.tsx; src/services/customers.ts,-
CLI-RPC-01,Clientes,As an operator I create a customer with contacts atomically,create_customer_with_contacts (143_create_customer_with_contacts_atomic.sql; active user): creates customer + contacts in one transaction with audit.,Verified,-,-,Vitest: customerCreateAtomic.test.ts,src/services/customers.ts; supabase/migrations/143_create_customer_with_contacts_atomic.sql,-
CLI-RPC-02,Clientes,As an operator I update a customer with an audited change set,update_customer_with_audit (134_atomic_customer_update_audit.sql; active user): applies the change set and writes the audit rows atomically.,Verified,-,-,Vitest: customerUpdateAuditAtomic.test.ts,src/services/customers.ts; supabase/migrations/134_atomic_customer_update_audit.sql,-
CLI-ACT-01,Clientes,As an admin I delete customers only when no fiscal dependency blocks it,"deleteCustomers pre-checks dependencies (B/Ls, invoices, receivables, portal accounts) via deleteDependencies.ts, reports blocked vs deletable, cascades operational children bottom-up and audits best-effort via deleteAudit.ts (ADR 0009); RLS keeps DELETE admin-only.",Verified,-,-,Vitest: customers.delete.test.ts; deleteAudit.test.ts,src/services/customers.ts; src/services/deleteDependencies.ts; src/services/deleteAudit.ts,-
CLI-RPC-03,Clientes / Portal,As an admin I manage the customer's Portal account state,"get_customer_portal_account(bigint) (129; STABLE DEFINER; active+admin) reads account + Auth state; upsert_customer_portal_account (129; active+admin) creates/updates an initially-inactive account; set_customer_portal_account_active(bigint,boolean,uuid) (129; active+admin) toggles activation and refuses to activate without auth_user_id/email.",Verified,-,-,Vitest: customers.test.ts,src/services/customers.ts; supabase/migrations/129_review_gate_hardening.sql,-
CLI-ACC-01,Clientes,As the platform I enforce RLS on customers and contacts,customers and customer_contacts (010 final): active users read/insert/update; admin deletes; Portal profile writes go only through portal_update_profile; contact email participates in the review gate.,Verified (static),-,-,Static,supabase/migrations/010_rls_by_role.sql,Verified by code read — SQL/trigger/cron/edge or live-DB RLS surface with no executable assertion in this environment (static is the strongest method available).
VOY-OMIT-01,Viagens,As an operator I omit a port call and keep traceability,"OmitEscalaModal calls omit_voyage_escala; the RPC writes voyage_omissions, audit_logs field omitted=true, default bl_transshipments rows and a transshipment portal notification; omitted PODs are ignored by next-call and completion derivations.",Verified,-,-,Vitest: voyageOmissionsMigration.test.ts; voyageSummaries.omitted.test.ts; voyageRouteSchedules.omitted.test.ts,src/components/voyages/OmitEscalaModal.tsx; src/services/transshipments.ts; src/services/voyageSummaries.ts; src/services/voyageRouteSchedules.ts; supabase/migrations/174_voyage_omissions_transshipments.sql,-
VOY-OMIT-02,Portal,As a portal customer I do not see omitted PODs in the public schedule,portal_ship_schedule includes omitted_pods and filters audit_logs field_name='omitted' alongside deleted pods before returning the schedule projection.,Verified,-,-,Vitest: portalShipScheduleOmitted.test.ts,supabase/migrations/175_portal_ship_schedule_hide_omitted.sql; src/services/portalScheduleVoyages.ts,-
VOY-COD-01,Viagens,As an operator I choose transshipment or COD per B/L,"TransshipmentPanel calls set_bl_transshipment or set_bl_cod; transshipment stores third-party vessel reference, while COD clears those fields and updates bls.pod to the discharge port through audited RPCs.",Verified,-,-,Vitest: transshipments.test.ts,src/components/voyages/TransshipmentPanel.tsx; src/hooks/useTransshipments.ts; src/services/transshipments.ts; supabase/migrations/174_voyage_omissions_transshipments.sql,-
AUTH-RPC-01,Auth & Admin,As an admin I want the user list to come from a guarded RPC so staff data is not exposed by a table read,"admin_list_users (259_admin_usuarios_gestao.sql) devolve os user_profiles para o console de administracao; adminUsers.ts chama a RPC em vez de ler a tabela, e a pagina so monta sob ProtectedRoute adminOnly.",Verified,-,-,Vitest: AdminUsuarios.behavior.test.tsx,src/services/adminUsers.ts; src/pages/AdminUsuarios.tsx; supabase/migrations/259_admin_usuarios_gestao.sql,-
AUTH-EDGE-01,Auth & Admin,As an admin I want to create a staff user without the browser ever holding the service_role key,"A Edge Function admin-users autentica o chamador pelo JWT, exige perfil de admin, cria o usuario com auth.admin.createUser sob service_role, insere o user_profiles com o cliente do chamador (sujeito a RLS) e desfaz o usuario de auth quando a insercao do perfil falha; registra a acao em audit_logs. A politica de senha e espelhada de src/lib/passwordPolicy.ts porque o Deno nao importa o bundle do Vite.",Verified (static),-,-,Static,supabase/functions/admin-users/index.ts; src/services/adminUsers.ts; src/lib/passwordPolicy.ts,Verified by code read — SQL/trigger/cron/edge or live-DB RLS surface with no executable assertion in this environment (static is the strongest method available).
PORT-ROUTE-05,Portal,As a customer I want to log in to the Portal with my CNPJ so I do not need a corporate email,"PortalLogin.tsx (/portal/login) autentica pelo CNPJ contra a Edge Function portal-login, distingue erro de rede (TypeError/AuthRetryableFetchError/""failed to fetch"") de credencial invalida e nunca revela se a conta existe.",Verified,-,-,Vitest: PortalLogin.test.tsx,src/App.tsx; src/pages/PortalLogin.tsx; supabase/functions/portal-login/index.ts,-
PORT-ROUTE-06,Portal,As an invited customer I want to activate my Portal account from the emailed link,"PortalAtivacao.tsx (/portal/ativar) le o token da query string, chama portal-invite-activate com action ""inspect"" para exibir razao social e CNPJ mascarado, e so entao aceita a senha; sem token, ou com token invalido/expirado, mostra ""Link invalido ou expirado. Solicite um novo convite a empresa."" e nao envia nada.",Verified (static),-,-,Static,src/App.tsx; src/pages/PortalAtivacao.tsx; supabase/functions/portal-invite-activate/index.ts,Verified by code read — SQL/trigger/cron/edge or live-DB RLS surface with no executable assertion in this environment (static is the strongest method available).
PORT-ROUTE-07,Portal,As a customer who lost the password I want to request recovery by CNPJ,"PortalForgotPassword.tsx (/portal/esqueci-senha) envia o CNPJ para portal-password-recovery e sempre exibe a mesma confirmacao, independentemente de a conta existir ou de o e-mail estar suprimido — a resposta nao enumera contas.",Verified,-,-,Vitest: PortalRecovery.behavior.test.tsx,src/App.tsx; src/pages/PortalForgotPassword.tsx; supabase/functions/portal-password-recovery/index.ts,-
PORT-ROUTE-08,Portal,As a customer I want to set a new password from the recovery link,"PortalResetPassword.tsx (/portal/recuperar-senha) exige o token na query string (sem ele ja abre com ""Link de recuperacao invalido ou expirado.""), confirma a senha duas vezes e chama portal-password-reset, que consome o convite de recuperacao.",Verified,-,-,Vitest: PortalRecovery.behavior.test.tsx,src/App.tsx; src/pages/PortalResetPassword.tsx; supabase/functions/portal-password-reset/index.ts,-
PORT-ROUTE-09,Portal,As back-office staff I want one console listing every customer by provisioning state,"ClientesPortal.tsx (/clientes/portal) filtra a fila por presets fechados — todos, criticas, aguardando_analise, sem_email, convite_pendente, convite_expirado, falha_no_envio, ativo e provisionamento_nao_necessario — e expoe as acoes de convite, excecao, retorno a analise e troca assistida de e-mail/CNPJ.",Verified,-,-,Vitest: ClientesPortal.behavior.test.tsx; portalProvisioning.test.ts,src/App.tsx; src/pages/ClientesPortal.tsx; src/hooks/usePortalProvisioning.ts; src/services/portalProvisioning.ts,-
PORT-RPC-06,Portal,As back-office staff I want the provisioning history of one customer,"portal_list_provisioning_events(p_customer_id, p_limit) devolve os eventos de provisionamento do cliente para o console; o read model e coberto por contrato SQL.",Verified,-,-,Vitest: portalProvisioning.test.ts; SQL-contract: portalProvisioningConsoleReadModelMigration.test.ts,src/services/portalProvisioning.ts; supabase/migrations/192_portal_rpc_guard_hardening.sql,-
PORT-RPC-07,Portal,"As back-office staff I want to mark a customer as not needing Portal provisioning, with a reason","portal_set_exception(p_customer_id, p_reason) exige motivo e move a conta para o estado de excecao; portal_return_to_analysis(p_customer_id, p_reason) devolve a conta a fila de analise. Ambas passam pelo guard de usuario ativo da migration 192.",Verified,-,-,Vitest: portalProvisioning.test.ts,src/services/portalProvisioning.ts; supabase/migrations/192_portal_rpc_guard_hardening.sql,-
PORT-RPC-08,Portal,As back-office staff I want to cancel a pending invite so a wrong address stops being valid,"portal_cancel_invite(p_customer_id, p_reason) invalida o convite pendente da conta e registra o motivo; a mutacao vive em usePortalProvisioning e invalida a fila do console.",Verified,-,-,Vitest: portalProvisioning.test.ts,src/hooks/usePortalProvisioning.ts; supabase/migrations/192_portal_rpc_guard_hardening.sql,-
PORT-RPC-09,Portal,As back-office staff I want to fix a customer recovery email or login CNPJ with an audited reason,"portal_assisted_email_change(p_customer_id, p_new_email, p_reason) e portal_admin_change_cnpj(p_customer_id, p_new_cnpj, p_reason) exigem motivo, gravam evento de provisionamento e ficam sob o guard de usuario ativo; a canonicalizacao do CNPJ de login vem da migration 288.",Verified,-,-,Vitest: portalProvisioning.test.ts,src/hooks/usePortalProvisioning.ts; supabase/migrations/192_portal_rpc_guard_hardening.sql; supabase/migrations/288_portal_cnpj_canonicalization.sql,-
PORT-RPC-10,Portal / Faturamento,As a customer I want the Portal to show the exchange rate actually used in my invoices,"portal_get_current_roe() e chamada pelo cliente do Portal (supabasePortal) e devolve a ROE corrente com updated_at; portalBilling.ts descarta a leitura quando roe ou updated_at vem nulo, em vez de exibir zero.",Verified,-,-,Vitest: PortalBilling.test.tsx,src/services/portalBilling.ts; src/pages/PortalBilling.tsx,-
PORT-RPC-11,Portal,As staff I want the B/L screen to show whether the Portal already saw that B/L,"get_bl_portal_status(p_bl_id) alimenta o card de visibilidade do Portal no B/L Cockpit, com estados distintos para carregando, erro e ausencia de conta.",Verified,-,-,Vitest: blPortalStatus.test.ts,src/services/blPortalStatus.ts; supabase/migrations/206_portal_notifications_bl_id.sql,-
PORT-EDGE-03,Portal,As the operator I want Portal login attempts rate-limited and abuse surfaced as an alert,"portal-login normaliza o CNPJ, consulta portal_login_check_rate_limit e, quando bloqueado, abre (sem duplicar) um alerta portal_abuso_login para o cliente; so entao resolve a conta por login_cnpj e a situacao da conta antes de autenticar.",Verified (static),-,-,Static,supabase/functions/portal-login/index.ts,Verified by code read — SQL/trigger/cron/edge or live-DB RLS surface with no executable assertion in this environment (static is the strongest method available).
PORT-EDGE-04,Portal,As back-office staff I want invites to expire and to invalidate the previous one on resend,"portal-invite-send recusa endereco suprimido, marca o convite pendente anterior como ""invalidado_por_reenvio"", cria um novo com hash do token e validade de 48h e atualiza a situacao da conta para convite_pendente ou falha_no_envio conforme o resultado do envio.",Verified (static),-,-,Static,supabase/functions/portal-invite-send/index.ts,Verified by code read — SQL/trigger/cron/edge or live-DB RLS surface with no executable assertion in this environment (static is the strongest method available).
PORT-EDGE-05,Portal,As a customer I want activation to be single-use so a leaked link cannot be replayed,"portal-invite-activate consome o convite com UPDATE condicional (status pendente e expires_at futuro) antes de criar o usuario; se a criacao falhar, devolve o convite a pendente. Ativado, grava auth_user_id, active=true e situacao ativo. O e-mail do auth e tecnico — o cliente entra por CNPJ.",Verified (static),-,-,Static,supabase/functions/portal-invite-activate/index.ts,Verified by code read — SQL/trigger/cron/edge or live-DB RLS surface with no executable assertion in this environment (static is the strongest method available).
PORT-EDGE-06,Portal,As a customer I want password recovery that neither enumerates accounts nor spams,"portal-password-recovery aplica portal_recovery_check_rate_limit, ignora endereco suprimido, invalida a recuperacao pendente anterior e cria um convite de proposito ""recuperacao"" com validade de 1h. portal-password-reset exige senha de no minimo 8 caracteres, consome o convite com UPDATE condicional e responde 410 para link invalido ou expirado.",Verified (static),-,-,Static,supabase/functions/portal-password-recovery/index.ts; supabase/functions/portal-password-reset/index.ts,Verified by code read — SQL/trigger/cron/edge or live-DB RLS surface with no executable assertion in this environment (static is the strongest method available).
PORT-EDGE-07,Portal,As a customer I want to change my recovery email only after proving the current password,"portal-recovery-email-change valida o formato do novo e-mail, resolve o e-mail tecnico do auth e reautentica com signInWithPassword antes de aceitar a troca; sem essa verificacao, responde 422.",Verified (static),-,-,Static,supabase/functions/portal-recovery-email-change/index.ts,Verified by code read — SQL/trigger/cron/edge or live-DB RLS surface with no executable assertion in this environment (static is the strongest method available).
PORT-EDGE-08,Portal,As back-office staff I want to suspend or reactivate a Portal account with a mandatory reason,"portal-account-suspend exige action em {suspend, reactivate} e motivo nao vazio, restringe a chamada aos papeis administrativo e documentacao (403 caso contrario) e, ao suspender, marca a conta como suspenso e active=false.",Verified (static),-,-,Static,supabase/functions/portal-account-suspend/index.ts,Verified by code read — SQL/trigger/cron/edge or live-DB RLS surface with no executable assertion in this environment (static is the strongest method available).
PORT-EDGE-09,Portal,As back-office staff I want a daily digest of Portal email failures and pending activations,"portal-daily-digest so responde com o segredo esperado no cabecalho (401 caso contrario) e agrega tentativas de e-mail em bounce/complaint/falha_transitoria/falha_permanente, eventos de provisionamento e contas em convite_pendente, enviando aos perfis ativos admin/administrativo/documentacao.",Verified (static),-,-,Static,supabase/functions/portal-daily-digest/index.ts,Verified by code read — SQL/trigger/cron/edge or live-DB RLS surface with no executable assertion in this environment (static is the strongest method available).
PORT-EDGE-10,Portal,"As the operator I want provider email events recorded once, with the signature verified","portal-email-webhook verifica a assinatura Svix (tolerancia de 300s) e responde 401 quando invalida; a deduplicacao usa o insert de provider_event_id em portal_email_events, e so entao a tentativa correspondente tem o status atualizado.",Verified (static),-,-,Static,supabase/functions/portal-email-webhook/index.ts,Verified by code read — SQL/trigger/cron/edge or live-DB RLS surface with no executable assertion in this environment (static is the strongest method available).
ADR-RPC-01,Chegadas-Saídas,As a section owner I want to sign off my section of the departure report with a justification when I dissent,"set_agency_report_signoff(p_voyage_id, p_port, p_section, p_state, p_justification) grava o sign-off por secao e mantem o historico; a justificativa acompanha a mudanca de estado.",Verified,-,-,Vitest: agencyDepartureReport.test.ts; SQL-contract: agencyReportSignoffHistoryMigration.test.ts,src/services/agencyDepartureReport.ts; supabase/migrations/213_agency_departure_reports.sql,-
ADR-RPC-02,Chegadas-Saídas,"As a department I want the report closed by three departmental signatures, not by section","set_agency_report_department_signoff(p_voyage_id, p_port, p_department, p_signed, p_justification) e a unidade de assinatura (ADR 0029): o fechamento exige 3/3 departamentos e os alertas sao por departamento.",Verified,-,-,Vitest: agencyDepartureReport.test.ts; SQL-contract: agencyReportDepartmentSignoffMigration.test.ts; agencyReportCloseByDepartmentMigration.test.ts; agencyReportDepartmentAlertsMigration.test.ts,src/services/agencyDepartureReport.ts,-
ADR-RPC-03,Chegadas-Saídas,As a section owner I want a free-form observation that is not a formal record,"set_agency_report_section_observation(p_voyage_id, p_port, p_section, p_observation) permite edicao livre do dono da secao, sem justificativa e sem historico em audit_logs — por decisao do ADR 0030 a observacao nao e dado formal do relatorio.",Verified,-,-,Vitest: agencyDepartureReport.test.ts; SQL-contract: agencyReportSectionObservationMigration.test.ts,src/services/agencyDepartureReport.ts,-
ADR-RPC-04,Chegadas-Saídas,"As any department I want to register an occurrence, optionally tagged to a section","add_agency_report_occurrence(p_voyage_id, p_port, p_body, p_section) aceita a secao como opcional: a ocorrencia fica aberta aos tres departamentos e a tag de secao e apenas classificatoria.",Verified,-,-,Vitest: agencyDepartureReport.test.ts; SQL-contract: agencyReportOccurrenceAnyDepartmentMigration.test.ts,src/services/agencyDepartureReport.ts,-
ADR-RPC-05,Chegadas-Saídas,As the report owner I want to record which terminal handled the call,"set_agency_report_terminal(p_voyage_id, p_port, p_terminal) grava o terminal da escala no relatorio.",Verified,-,-,Vitest: agencyDepartureReport.test.ts; SQL-contract: agencyReportMigration.test.ts,src/services/agencyDepartureReport.ts,-
ADR-RPC-06,Chegadas-Saídas,As the Finance department I want the closed report frozen so later edits cannot change what was signed,"close_agency_departure_report(p_voyage_id, p_port, p_snapshot) valida a forma, as chaves canonicas e um limite de tamanho do snapshot — nao reconstitui as metricas — e devolve mensagem de erro legivel ao usuario. O snapshot duplica dados por design (ADR 0027); antes do fechamento nada e duplicado.",Verified,-,-,Vitest: agencyDepartureReport.test.ts; SQL-contract: agencyReportSnapshotValidationMigration.test.ts,src/services/agencyDepartureReport.ts; docs/adr/0027-agency-departure-report-agregado-escala-snapshot.md,-
ADR-RPC-07,Chegadas-Saídas,"As an authorized user I want to reopen a closed report with a justification, preserving prior state","reopen_agency_departure_report(p_voyage_id, p_port, p_justification) exige justificativa, respeita o RBAC de reabertura e preserva o estado anterior das assinaturas. Uma escala omitida depois do fechamento continua consultavel: listClosedAgencyReportPorts le os portos fechados direto da tabela.",Verified,-,-,Vitest: agencyDepartureReport.test.ts; SQL-contract: agencyReportReopenRbacMigration.test.ts; agencyReportReopenPreserveStateMigration.test.ts,src/services/agencyDepartureReport.ts,-
ADR-RPC-08,Chegadas-Saídas,"As a department I want to be alerted about a pending report and about a missed deadline, separately","detect_agency_report_pending() e detect_agency_report_deadline_missed() continuam produtores distintos, mas a migration 323 os reconcilia na fundação transversal: um agregado por ADR (voyage::port ou voyage::port::terminal) e dois itens independentes por departamento. O terminal usa terminal_atd; audit logs, sign-offs e o cron server-side de 15 minutos reprocessam a origem, com backfill sem notificações históricas. O prazo de três dias úteis continua vindo de uma função pura compartilhada entre tela, alerta e agregado.",Verified,-,-,"Vitest: agencyReportSla.test.ts; agencyReportDeadline.test.ts; SQL-contract: agencyReportPendingAlertsMigration.test.ts; agencyReportDeadlineMissedMigration.test.ts; agencyReportAlertsFoundationMigration.test.ts; runtime local PostgreSQL (323)",src/services/alerts.ts; src/services/agencyReportSla.ts; src/services/agencyReportDeadline.ts; supabase/migrations/323_agency_report_alerts_foundation.sql,-
VOY-RPC-04,Viagens,"As staff I want the CE master of a route leg recorded per (voyage, POL, POD)","set_voyage_route_ce_master(p_voyage_id, p_pol, p_pod, p_ce_master, p_changed_by) normaliza string vazia e NULL da mesma forma (NULLIF/btrim), de modo que limpar o campo e apaga-lo sao a mesma operacao.",Verified,-,-,Vitest: voyageRouteSchedules.test.ts; SQL-contract: voyageRouteCeMasterMigration.test.ts,src/services/voyageRouteSchedules.ts; supabase/migrations/167_voyage_route_ce_master.sql,-
VOY-OMIT-03,Viagens,As staff I want to correct an omission already recorded without deleting and recreating it,"update_voyage_omission (201_voyage_omission_global_transshipment.sql) edita a omissao existente; a funcao tem REVOKE ALL de PUBLIC e anon, ficando restrita aos papeis autorizados.",Verified,-,-,SQL-contract: voyageOmissionGlobalMigration.test.ts,supabase/migrations/201_voyage_omission_global_transshipment.sql,-
GRA-RPC-03,Granito,As staff I want the CE Mercante of a granite B/L applied through an audited RPC,"apply_granite_ce_mercante_update (281_granite_ce_mercante_audit_rpc.sql) e o unico caminho de escrita do CE em granite_bls: registra o autor, tem REVOKE ALL de PUBLIC/anon e mantem o CE unico por B/L (ADR 0042).",Verified,-,-,SQL-contract: graniteCeMercanteMigration.test.ts,src/services/ceMercanteImport.ts; supabase/migrations/281_granite_ce_mercante_audit_rpc.sql,-
CLI-RPC-04,Clientes,"As staff I want the customer receivables read through an RPC so ""no permission"" is not shown as ""no receivable""","get_customer_receivables(p_customer_id) (migration 216) substituiu a leitura direta da tabela na ficha do cliente, justamente para distinguir ausencia de recebivel de ausencia de permissao.",Verified,-,-,Vitest: customerFicha.test.ts,src/services/customerFicha.ts; supabase/migrations/216_customer_receivables_read_rpc.sql,-
BILL-RPC-12,Faturamento,As an admin I want to fix the due date of an open invoice without touching the overdue rule,"update_invoice_due_date(p_invoice_id, p_due_date, p_actor) (migration 282) e SECURITY INVOKER, exige auth.uid(), is_active_user() e is_admin(), e so aceita invoice individual ou consolidada em aberto. A UI e admin-only e, apos salvar, chama detectOverdueInvoices(): o detector segue sendo a unica rotina que transiciona para overdue.",Verified,-,-,Vitest: billing.test.ts,src/services/billing.ts; src/hooks/useBilling.ts; src/components/billing/InvoiceDetailModal.tsx; supabase/migrations/282_update_invoice_due_date.sql,O controle de vencimento no InvoiceDetailModal nao tem teste de componente dedicado; a cobertura executada e do servico. A parte de UI e leitura de codigo.
DEM-RPC-06,Demurrage,As Finance I want the exchange rate used in a demurrage calculation persisted as a reference,save_exchange_rate_reference (200_exchange_rate_reference.sql) grava a ROE de referencia consultada pelo calculo de demurrage e pelo Portal.,Verified,-,-,Vitest: fetchROE.test.ts,src/services/demurrage/demurrageKpis.ts; supabase/migrations/200_exchange_rate_reference.sql,-
VAZ-ROUTE-01,Manifestos & EDI,"As staff I want to register depots, terminals and their priced services in one screen","DepotCadastro.tsx (/embarquevazios/depots) faz CRUD de depots e terminais portuarios com free time de vazio e de material, e dos servicos precificados por natureza, tipo de container, destino e condicao (vazio = EMPTY, material = EMPTY W/ MATERIAL); a escrita e guardada pela capability depots_edit.",Verified,-,-,Vitest: depots.test.ts; depotsSuggestion.test.ts; SQL-contract: depotServiceSeedMigration.test.ts,src/App.tsx; src/pages/DepotCadastro.tsx; src/services/depots.ts,-
